subject,datestamp,timestamp,version,crt1,crt2,crt3,id
test_m3r5,2014-09-06,12:03:32,la_moral_3p_random,0,0,0,579
test_m3r5,2014-09-07,13:10:49,la_moral_3p_random,5,5,47,580
AZFMP1J0ZLX7J_m3r5,2014-09-08,10:47:35,la_moral_3p_random,0,5,47,581
A22051NK9RQ4FV_m3r5,2014-09-08,11:31:21,la_moral_3p_random,10,5,47,582
A1WLTQBWNBME3F_m3r5,2014-09-08,11:33:54,la_moral_3p_random,10,5,47,583
A27Z95LLMJ3UOM_m3r5,2014-09-08,12:14:48,la_moral_3p_random,5,5,47,584
A3267FRR3ER30C_m3r5,2014-09-08,12:27:20,la_moral_3p_random,5,5,47,585
A4NUJN9VSJC3W_m3r5,2014-09-08,12:29:11,la_moral_3p_random,10,5,47,586
A33B85TN97HQ33_m3r5,2014-09-08,12:30:06,la_moral_3p_random,100,100,12,587
A39C1BN9ZSQ0R2_m3r5,2014-09-08,12:31:18,la_moral_3p_random,5,5,47,588
A2DQ1VB93ZKWF2_m3r5,2014-09-08,12:31:30,la_moral_3p_random,0,5,47,589
A1FAE7DKA544XV_m3r5,2014-09-08,12:31:34,la_moral_3p_random,10,100,24,590
AT49Y7HOUVIYU_m3r5,2014-09-08,12:31:57,la_moral_3p_random,10,100,47,591
A1IJ0ZPL5LSU2L_m3r5,2014-09-08,12:32:02,la_moral_3p_random,10,5,47,592
A3QIG18VHBXBSZ_m3r5,2014-09-08,12:32:07,la_moral_3p_random,10,5,47,593
A2H4875Q9FY71K_m3r5,2014-09-08,12:32:45,la_moral_3p_random,0,100,24,594
A3ELH98LAETCP9_m3r5,2014-09-08,12:33:04,la_moral_3p_random,10,100,24,595
A2GAN77CVHWV45_m3r5,2014-09-08,12:33:13,la_moral_3p_random,10,50,24,596
A31U7VGTEOY2RG_m3r5,2014-09-08,12:33:14,la_moral_3p_random,0,100,24,597
A8OE2E20OZYKI_m3r5,2014-09-08,12:33:40,la_moral_3p_random,0,100,47,598
A303KNHZS7LX3NX_m3r5,2014-09-08,12:33:47,la_moral_3p_random,10,100,24,599
A24DZU2LIWZQCG_m3r5,2014-09-08,12:35:01,la_moral_3p_random,5,5,47,600
A2NI68982FI4SM_m3r5,2014-09-08,12:35:46,la_moral_3p_random,0,5,47,601
A2MK1S9A4N7ZB3_m3r5,2014-09-08,12:35:46,la_moral_3p_random,10,100,1,602
AGVAY3FTPAVLQ_m3r5,2014-09-08,12:36:09,la_moral_3p_random,0,5,47,603
AVRD9XYKPXSY3_m3r5,2014-09-08,12:36:09,la_moral_3p_random,1,100,47,604
A3G2JDGJCXCWVD_m3r5,2014-09-08,12:36:18,la_moral_3p_random,0,100,47,605
A1VO8E1TC7IJFY_m3r5,2014-09-08,12:36:33,la_moral_3p_random,5,5,47,606
A27A4AMQ7QCXKU_m3r5,2014-09-08,12:36:43,la_moral_3p_random,0,100,24,607
A1UN7E3PNICY09_m3r5,2014-09-08,12:37:47,la_moral_3p_random,0,500,24,608
A1FW68HLKWGLGW_m3r5,2014-09-08,12:37:48,la_moral_3p_random,10,100,24,609
A3EZJWGS3Y9DK3_m3r5,2014-09-08,12:39:59,la_moral_3p_random,5,5,47,610
AGO0UK0SSGD07_m3r5,2014-09-08,12:41:21,la_moral_3p_random,10,5,47,611
AIH06SF8MK6XF_m3r5,2014-09-08,12:42:43,la_moral_3p_random,0,5,47,612
A1XLALCEEC4XHG_m3r5,2014-09-08,12:43:00,la_moral_3p_random,10,100,24,613
AIU8VYWN7GUK4_m3r5,2014-09-08,12:45:18,la_moral_3p_random,10,100,100,614
aaezql4j6cqgm_m3r5,2014-09-08,12:45:25,la_moral_3p_random,5,100,47,615
A77431ZTRYE96_m3r5,2014-09-08,12:52:23,la_moral_3p_random,10,100,47,616
A3GL39AZ2WUHV6_m3r5,2014-09-08,13:00:07,la_moral_3p_random,10,5,47,617
AODPVTKUSNBUT_m3r5,2014-09-08,13:01:09,la_moral_3p_random,0,100,24,618
A3CXZCKT34LV8_m3r5,2014-09-08,13:02:49,la_moral_3p_random,10,100,47,619
A1N9I1PJXEL06H_m3r5,2014-09-08,13:09:03,la_moral_3p_random,10,5,12,620
A4GRO4JZRVP14_m3r5,2014-09-08,13:09:07,la_moral_3p_random,0,5,47,621
A36LOA6VLJU157_m3r5,2014-09-08,13:18:43,la_moral_3p_random,1,5,47,622
A142ZRU284W9O_m3r5,2014-09-08,13:31:09,la_moral_3p_random,5,5,47,623
A1T56P6L5730HG_m3r5,2014-09-08,13:33:07,la_moral_3p_random,10,50,128,624
A4J4GGMKJ68L0_m3r5,2014-09-08,13:52:14,la_moral_3p_random,5,5,47,625
A2FU1WIEOJB669_m3r5,2014-09-08,13:55:29,la_moral_3p_random,5,5,47,626
A2E3SM3T01ENIR_m3r5,2014-09-08,14:15:56,la_moral_3p_random,0,5,47,627
A29IC6S1JES2XW_m3r5,2014-09-08,14:27:10,la_moral_3p_random,0,1,47,628
A49HPQ9P5AHU4_m3r5,2014-09-08,14:34:11,la_moral_3p_random,5,5,47,629
A2LXE92OK17WE9_m3r5,2014-09-08,14:58:12,la_moral_3p_random,90,5,47,630
A1614EW9OY4IQ0_m3r5,2014-09-09,10:34:39,la_moral_3p_random,0,5,47,631
A3B96QLXW4J0BL_m3r5,2014-09-09,10:37:35,la_moral_3p_random,0,100,24,632
AWCE4HJPALHPH_m3r5,2014-09-09,10:38:12,la_moral_3p_random,5,5,47,633
A3K7CBKBEH9ZNN_m3r5,2014-09-09,10:38:47,la_moral_3p_random,5,5,47,634
A87FX9D14KMZM_m3r5,2014-09-09,10:39:14,la_moral_3p_random,10,5,47,635
353050_m3r5,2014-09-09,10:39:16,la_moral_3p_random,10,100,47,636
" ARNTOT4L28BBP_m3r5",2014-09-09,10:39:28,la_moral_3p_random,5,5,47,637
A1TU88CSLO4S3B_m3r5,2014-09-09,10:39:39,la_moral_3p_random,10,5,47,638
AF18OIZ0GWGP2_m3r5,2014-09-09,10:40:08,la_moral_3p_random,5,5,47,639
A3TQ7M1WPR7Q44_m3r5,2014-09-09,10:40:09,la_moral_3p_random,10,100,24,640
A2WLGVXAVT2XTR_m3r5,2014-09-09,10:40:37,la_moral_3p_random,5,5,47,641
A3TKPDAEAIP49V_m3r5,2014-09-09,10:41:32,la_moral_3p_random,0,100,47,642
A2BH9WN8HDLYMM_m3r5,2014-09-09,10:42:23,la_moral_3p_random,10,100,24,643
A1W8WP80JTGUFB_m3r5,2014-09-09,10:42:24,la_moral_3p_random,0,100,24,644
A35GF5387FHJLJ_m3r5,2014-09-09,10:42:56,la_moral_3p_random,1,0,24,645
A2VDLRRPXV3N59_m3r5,2014-09-09,10:43:12,la_moral_3p_random,5,5,47,646
A321AGEY23DDEH_m3r5,2014-09-09,10:43:24,la_moral_3p_random,5,5,12,647
A3288S6SY4V4NB_m3r5,2014-09-09,10:43:42,la_moral_3p_random,10,100,24,648
A164L54MG5UQAU_m3r5,2014-09-09,10:43:58,la_moral_3p_random,0,100,24,649
APR1H0B5FZNRE_m3r5,2014-09-09,10:44:18,la_moral_3p_random,10,100,47,650
A3N4KC3661ZIH6_m3r5,2014-09-09,10:45:13,la_moral_3p_random,5,5,47,651
A3EG0P2HP829FU_m3r5,2014-09-09,10:45:39,la_moral_3p_random,0,500,47,652
A80XHXZVOSB8E_m3r5,2014-09-09,10:45:47,la_moral_3p_random,0,10,24,653
A3C25ULYKB0F42_m3r5,2014-09-09,10:46:37,la_moral_3p_random,10,100,24,654
A27OFAZQ6UWWZ3_m3r5,2014-09-09,10:46:58,la_moral_3p_random,10,5,47,655
A1CGUFW3R6M234_m3r5,2014-09-09,10:50:30,la_moral_3p_random,5,5,47,656
ASFR82SJYMGNU_m3r5,2014-09-09,10:51:15,la_moral_3p_random,5,5,47,657
A2LJ3Z8LJESI7Z_m3r5,2014-09-09,10:53:28,la_moral_3p_random,5,5,47,658
A1EIBJSACH8DKX_m3r5,2014-09-09,10:54:14,la_moral_3p_random,5,5,47,659
A37RHQPON2RJYL_m3r5,2014-09-09,10:55:31,la_moral_3p_random,10,100,47,660
A19PATBI3SQNU0_m3r5,2014-09-09,11:18:40,la_moral_3p_random,10,1,47,661
A2ISR5FI0OIHE0_m3r5,2014-09-09,11:22:31,la_moral_3p_random,10,500,24,662
A2CSENNI43N272_m3r5,2014-09-09,11:24:01,la_moral_3p_random,5,100,47,663
A32QRY3NAE9PUD_m3r5,2014-09-09,11:24:43,la_moral_3p_random,0,100,24,664
A4SKTCPDTV550_m3r5,2014-09-09,11:26:51,la_moral_3p_random,10,100,24,665
A10VQSMGPJFSMU_m3r5,2014-09-09,11:26:56,la_moral_3p_random,5,5,47,666
A9S9MBO58AHKX_m3r5,2014-09-09,11:44:43,la_moral_3p_random,5,5,47,667
A39RF1I4KALHKM_m3r5,2014-09-09,11:55:19,la_moral_3p_random,10,100,24,668
ABKPEX0E9W2HW_m3r5,2014-09-09,11:55:32,la_moral_3p_random,5,5,47,669
A13EP1HO0F4GX_m3r5,2014-09-09,12:00:50,la_moral_3p_random,0,1,47,670
A3BFMY5OX2WMUW_m3r5,2014-09-09,12:12:48,la_moral_3p_random,10,5,47,671
A1FP3SH704X01V_m3r5,2014-09-09,12:13:36,la_moral_3p_random,10,100,4,672
A2O4M3CJS7563O_m3r5,2014-09-09,12:29:30,la_moral_3p_random,5,20,47,673
A1P7TCH4CD2GCV_m3r5,2014-09-09,12:32:40,la_moral_3p_random,1,100,96,674
A3OG9MWN7X6OYZ_m3r5,2014-09-09,12:41:37,la_moral_3p_random,10,100,24,675
A3F55JJCVTTCCW_m3r5,2014-09-09,12:44:20,la_moral_3p_random,0,5,2,676
A1Z8EJOEEHKUR6_m3r5,2014-09-09,12:50:47,la_moral_3p_random,0,5,47,677
AR2TF6FMFZGP9_m3r5,2014-09-09,13:06:40,la_moral_3p_random,5,5,47,678
A3DHJDGGSPEI0O_m3r5,2014-09-09,13:39:38,la_moral_3p_random,10,100,4,679
A3JJRBA7IT7QPL_m3r5,2014-09-09,14:03:29,la_moral_3p_random,5,5,47,680
A13A0EE7L3YZNB_m3r5,2014-09-09,14:08:57,la_moral_3p_random,0,100,47,681
A1PZ1YZAQEXRSQ_m3r5,2014-09-09,14:09:16,la_moral_3p_random,5,5,12,682
A2O3M7EMOF8JNV_m3r5,2014-09-09,14:10:29,la_moral_3p_random,5,100,24,683
A2GFRYX2PIRT4S_m3r5,2014-09-09,14:10:37,la_moral_3p_random,10,5,24,684
A34NNYE0Y7XCG7_m3r5,2014-09-09,14:12:02,la_moral_3p_random,5,5,47,685
A3TH4VAS25F4BG_m3r5,2014-09-09,14:12:31,la_moral_3p_random,90,10,12,686
A9HG8QEUGH4KN_m3r5,2014-09-09,14:12:39,la_moral_3p_random,0,5,24,687
A1XJ3BSSZECL4P_m3r5,2014-09-09,14:12:51,la_moral_3p_random,10,100,24,688
ACT7CRH2BAWIY_m3r5,2014-09-09,14:13:03,la_moral_3p_random,10,5,24,689
A2H2FY88G8L1LB_m3r5,2014-09-09,14:13:54,la_moral_3p_random,0,20,47,690
AKZTERGU6GRXE_m3r5,2014-09-09,14:14:28,la_moral_3p_random,0,100,24,691
A1S88VQY8G8CNC_m3r5,2014-09-09,14:15:00,la_moral_3p_random,5,25,12,692
A1ETJBNTO9ZWZ8_m3r5,2014-09-09,14:15:20,la_moral_3p_random,5,5,47,693
A9F041T771FZ2_m3r5,2014-09-09,14:16:12,la_moral_3p_random,10,100,24,694
A3NTN55QZLFU51_m3r5,2014-09-09,14:18:13,la_moral_3p_random,10,5,24,695
A2SRXFK73C1QE9_m3r5,2014-09-09,14:21:27,la_moral_3p_random,105,500,47,696
A2S62LICLGP9ZI_m3r5,2014-09-09,14:21:38,la_moral_3p_random,10,100,24,697
ACTPXLRRLBWFB_m3r5,2014-09-09,14:23:08,la_moral_3p_random,5,5,47,698
AEKCK3L7OKCY9_m3r5,2014-09-09,14:25:51,la_moral_3p_random,10,100,24,699
AYF8B7WJO2YQU_m3r5,2014-09-09,14:30:09,la_moral_3p_random,1,5,47,700
A3U0A3LP7Q38JC_m3r5,2014-09-09,14:31:04,la_moral_3p_random,5,5,47,701
ACJB56HJ1QFMH_m3r5,2014-09-09,14:35:41,la_moral_3p_random,2,20,24,702
AQN3WMCEA96DQ_m3r5,2014-09-09,14:35:57,la_moral_3p_random,10,5,47,703
A1RGBY2W0ZD2HN_m3r5,2014-09-09,14:37:56,la_moral_3p_random,0,100,96,704
undefined_m3r5,2014-09-09,14:39:08,la_moral_3p_random,10,100,14,705
A2MG57U8NJGA9U_m3r5,2014-09-09,14:40:29,la_moral_3p_random,5,5,47,706
" A1QW9X92VY4J4D_m3r5",2014-09-09,14:45:26,la_moral_3p_random,9,5,47,707
A16ZBL55UWVTQK_m3r5,2014-09-09,14:45:38,la_moral_3p_random,0,20,14,708
A19KJKSZZAIDO_m3r5,2014-09-09,14:45:39,la_moral_3p_random,10,100,47,709
A27BUT19WQ6P1O_m3r5,2014-09-09,14:49:38,la_moral_3p_random,1,5,47,710
A1PG4ARE585E5Q_m3r5,2014-09-09,14:49:55,la_moral_3p_random,0,1,47,711
A1MUL6WOQYAGG9_m3r5,2014-09-09,15:01:07,la_moral_3p_random,0,100,47,712
AOPG07J95DDJT_m3r5,2014-09-09,15:15:05,la_moral_3p_random,0,5,47,713
ARVSVYBL46LC9_m3r5,2014-09-09,15:20:31,la_moral_3p_random,5,5,47,714
A3R25SV8HUGML2_m3r5,2014-09-09,15:27:06,la_moral_3p_random,10,100,24,715
A1XPUUD0HLD6HB_m3r5,2014-09-09,15:28:44,la_moral_3p_random,0,100,24,716
A2EZIVFW94AFCY_m3r5,2014-09-09,15:48:12,la_moral_3p_random,10,100,47,717
A3K9D8GTORL5BN_m3r5,2014-09-09,15:55:24,la_moral_3p_random,0,5,23,718
A8BGHKGBA8O33_m3r5,2014-09-09,16:09:18,la_moral_3p_random,0,100,47,719
A2CCK1JKX48R0H_m3r5,2014-09-09,16:10:23,la_moral_3p_random,5,5,47,720
A2653BIPJKEMRK_m3r5,2014-09-09,16:10:51,la_moral_3p_random,10,5,47,721
" A2U0PGDD0O1GBR_m3r5",2014-09-09,16:17:00,la_moral_3p_random,0,100,47,722
A1RWNYJA5X25YH_m3r5,2014-09-09,16:21:27,la_moral_3p_random,10,100,24,723
A3PLIK4J4WEWWD_m3r5,2014-09-09,16:29:19,la_moral_3p_random,10,100,24,724
A3696JXTRKL2FI_m3r5,2014-09-09,16:30:46,la_moral_3p_random,0,100,47,725
AVCXJ9M71WDCB_m3r5,2014-09-09,16:43:09,la_moral_3p_random,5,5,47,726
A11WC4G8LOMYQO_m3r5,2014-09-09,16:58:51,la_moral_3p_random,5,5,47,727
A5WGOX0NBXJE4_m3r5,2014-09-09,17:13:03,la_moral_3p_random,0,10,24,728
A1H95TGQZSN1P1_m3r5,2014-09-09,17:18:39,la_moral_3p_random,5,5,47,729
A1EB857G7CK9K9_m3r5,2014-09-09,17:42:50,la_moral_3p_random,10,100,24,730
A1XLGIFFGB01EU_m3r5,2014-09-10,15:17:06,la_moral_3p_random,5,100,47,731
A3MZX94O5WLVPM_m3r5,2014-09-10,15:17:09,la_moral_3p_random,0,48,98,732
A16QWUZ58QTD5W_m3r5,2014-09-10,15:18:42,la_moral_3p_random,5,5,47,733
A3VMBFGYG07DJA_m3r5,2014-09-10,15:18:44,la_moral_3p_random,5,5,32,734
A25ROS9CH7PSFZ_m3r5,2014-09-10,15:18:58,la_moral_3p_random,0,5,47,735
AGFWV1U4CJXP5_m3r5,2014-09-10,15:19:16,la_moral_3p_random,10,100,24,736
A12IOD8IXOEL1P_m3r5,2014-09-10,15:19:24,la_moral_3p_random,0,5,47,737
AZ4WAAJL6LK6R_m3r5,2014-09-10,15:20:57,la_moral_3p_random,1,100,24,738
AE6Z9DDYUCLKN_m3r5,2014-09-10,15:21:00,la_moral_3p_random,5,5,47,739
A2V1IB3LHMWL25_m3r5,2014-09-10,15:21:29,la_moral_3p_random,0,100,16,740
A3Q0XAGQ7TD7MP_m3r5,2014-09-10,15:22:00,la_moral_3p_random,0,6,47,741
A1JLOL8CV81AL2_m3r5,2014-09-10,15:22:08,la_moral_3p_random,5,5,5,742
A2AVWXK2DZHYCM_m3r5,2014-09-10,15:22:16,la_moral_3p_random,0,5,47,743
A2XFJC0VE4U399_m3r5,2014-09-10,15:22:58,la_moral_3p_random,5,5,47,744
AK7LGB1QOGA1P_m3r5,2014-09-10,15:23:08,la_moral_3p_random,5,5,47,745
AK7OWBZVKPS5Q_m3r5,2014-09-10,15:23:26,la_moral_3p_random,1,5,47,746
A2RCJ3VBQ7HZUP_m3r5,2014-09-10,15:24:39,la_moral_3p_random,5,5,47,747
A2QUPVFM02G1AI_m3r5,2014-09-10,15:24:44,la_moral_3p_random,5,5,47,748
A2EX2FN2F4HN3C_m3r5,2014-09-10,15:25:24,la_moral_3p_random,10,100,24,749
AHZPOM46IUJ2N_m3r5,2014-09-10,15:25:30,la_moral_3p_random,0,100,47,750
AVWHUV64C4K5T_m3r5,2014-09-10,15:25:34,la_moral_3p_random,0,100,24,751
A2TIV553DM68N7_m3r5,2014-09-10,15:25:45,la_moral_3p_random,5,5,47,752
A2VI7IXMQ8E1Q7_m3r5,2014-09-10,15:25:47,la_moral_3p_random,10,100,24,753
A3DZ46U9XRLVBI_m3r5,2014-09-10,15:25:57,la_moral_3p_random,0,500,47,754
A3A77DHOTOD88B_m3r5,2014-09-10,15:26:09,la_moral_3p_random,0,100,48,755
A1IYFXLF8HPO0G_m3r5,2014-09-10,15:26:11,la_moral_3p_random,0,100,47,756
A1DGAZZZHY4FXG_m3r5,2014-09-10,15:26:22,la_moral_3p_random,5,1,47,757
A3O9DM10HVQDE0_m3r5,2014-09-10,15:26:29,la_moral_3p_random,10,100,24,758
A1QCQE5XW37LN1_m3r5,2014-09-10,15:28:16,la_moral_3p_random,5,5,47,759
A21ZPWERX0DMZ2_m3r5,2014-09-10,15:30:33,la_moral_3p_random,10,100,47,760
A2NRW37D7QPLRE_m3r5,2014-09-10,15:33:47,la_moral_3p_random,5,5,47,761
A2ZSDMCQ5P0BJJ_m3r5,2014-09-10,15:34:59,la_moral_3p_random,0,5,47,762
A2BA9Y6VGW6WS1_m3r5,2014-09-10,15:52:50,la_moral_3p_random,0,5,47,763
AO7FM98CP90CL_m3r5,2014-09-10,15:53:54,la_moral_3p_random,10,5,47,764
A22M4NS65GY000_m3r5,2014-09-10,16:02:32,la_moral_3p_random,5,5,47,765
A3GYL70SZLQAU_m3r5,2014-09-10,16:09:56,la_moral_3p_random,10,100,24,766
A3DLKEN1H17CCE_m3r5,2014-09-10,16:13:10,la_moral_3p_random,10,5,47,767
A3N6U6XPU8TEWJ_m3r5,2014-09-10,16:14:48,la_moral_3p_random,5,5,12,768
A3FYSDFRZF4T8_m3r5,2014-09-10,16:21:33,la_moral_3p_random,0,5,47,769
A37GPRSEZORJRG_m3r5,2014-09-10,16:40:56,la_moral_3p_random,2,60,916,770
A248ARSA6FS20S_m3r5,2014-09-10,16:42:31,la_moral_3p_random,5,5,47,771
A3E4DS46A6IJTZ_m3r5,2014-09-10,16:42:42,la_moral_3p_random,10,100,24,772
ABFB5IVNTYM4E_m3r5,2014-09-10,16:42:44,la_moral_3p_random,10,5,47,773
A2E8RFKIOY2MQR_m3r5,2014-09-10,16:42:59,la_moral_3p_random,0,100,24,774
AZFJ4Y7VFQBDH_m3r5,2014-09-10,16:45:45,la_moral_3p_random,5,5,47,775
A14CZH0LPHBX79_m3r5,2014-09-10,16:47:05,la_moral_3p_random,10,100,47,776
AGJM3414MUSEH_m3r5,2014-09-10,17:09:11,la_moral_3p_random,5,5,47,777
A2YAB9OITN0ZTU_m3r5,2014-09-10,17:22:35,la_moral_3p_random,0,10,12,778
A1HTJ7Q459GY2K_m3r5,2014-09-10,17:26:00,la_moral_3p_random,10,5,24,779
A1RT9SQ9D9DLOV_m3r5,2014-09-11,11:03:09,la_moral_3p_random,5,5,47,780
A2IZNMRW4C4XM6_m3r5,2014-09-11,11:03:38,la_moral_3p_random,0,15,48,781
A2YIM8S1MZCKDY_m3r5,2014-09-11,11:03:41,la_moral_3p_random,5,5,47,782
A2OL18MGK5LEO7_m3r5,2014-09-11,11:05:25,la_moral_3p_random,0,5,4,783
AFM3QI2ZYSVW7_m3r5,2014-09-11,11:06:25,la_moral_3p_random,5,5,47,784
A3LGJHPZCD8PQA_m3r5,2014-09-11,11:06:34,la_moral_3p_random,10,5,47,785
A1R2W9OYQQRZTS_m3r5,2014-09-11,11:06:57,la_moral_3p_random,10,100,4,786
A1H11P4QSM08Y1_m3r5,2014-09-11,11:07:11,la_moral_3p_random,0,5,47,787
A3M5WW7OCUAWX0_m3r5,2014-09-11,11:07:56,la_moral_3p_random,5,5,47,788
" AR24CTAWN9GI0_m3r5",2014-09-11,11:08:04,la_moral_3p_random,10,100,24,789
AS9YQPH511Z94_m3r5,2014-09-11,11:08:55,la_moral_3p_random,5,5,47,790
A1GKLOBYNF70C7_m3r5,2014-09-11,11:08:57,la_moral_3p_random,0,100,24,791
A2CR879QNKLWCS_m3r5,2014-09-11,11:09:29,la_moral_3p_random,0,5,47,792
AILW5LUTC11C9_m3r5,2014-09-11,11:09:33,la_moral_3p_random,0,500,2,793
A1OP4BATW0TUUG_m3r5,2014-09-11,11:10:05,la_moral_3p_random,0,5,47,794
A34YD9P7KI4RF_m3r5,2014-09-11,11:10:15,la_moral_3p_random,0,5,26,795
AEF74ZYJTTEIA_m3r5,2014-09-11,11:10:16,la_moral_3p_random,5,5,47,796
AM2WGEJDWJY1I_m3r5,2014-09-11,11:10:40,la_moral_3p_random,5,5,47,797
" A37Y5CTJ8HCQER_m3r5",2014-09-11,11:10:45,la_moral_3p_random,10,100,28,798
A302M81U0HM7RJ_m3r5,2014-09-11,11:10:51,la_moral_3p_random,5,10,47,799
A1DVXQV6GGSQRX_m3r5,2014-09-11,11:11:18,la_moral_3p_random,10,100,24,800
A1VJ18RHIN82NA_m3r5,2014-09-11,11:11:32,la_moral_3p_random,10,100,24,801
AMKRYRENIXK2H_m3r5,2014-09-11,11:12:28,la_moral_3p_random,5,5,47,802
A3VQP1UC7BA3YU_m3r5,2014-09-11,11:15:13,la_moral_3p_random,10,100,24,803
A3OW5EFQ5QFD19_m3r5,2014-09-11,11:15:42,la_moral_3p_random,0,1,47,804
A3V33XEK4JWVH8_m3r5,2014-09-11,11:15:54,la_moral_3p_random,10,100,24,805
ATM90U6E6YN65_m3r5,2014-09-11,11:17:22,la_moral_3p_random,5,5,47,806
A34SLHI93BBV9E_m3r5,2014-09-11,11:19:12,la_moral_3p_random,5,5,47,807
ABNNSRB6Y5EFR_m3r5,2014-09-11,11:19:24,la_moral_3p_random,10,5,24,808
"A348EDOF2UP527 _m3r5",2014-09-11,11:21:33,la_moral_3p_random,10,100,24,809
A2MQC8KZ8DOON1_m3r5,2014-09-11,11:22:15,la_moral_3p_random,5,5,47,810
A2S9O48PW9D2IP_m3r5,2014-09-11,11:24:31,la_moral_3p_random,0,100,47,811
A3GTBI5WIB5SC_m3r5,2014-09-11,11:24:47,la_moral_3p_random,0,5,47,812
AI258R8HU53PT_m3r5,2014-09-11,11:26:51,la_moral_3p_random,5,5,47,813
A15WYY7ZKAQQ7R_m3r5,2014-09-11,11:28:58,la_moral_3p_random,5,5,47,814
A3TZZADDWD7O1A_m3r5,2014-09-11,11:30:00,la_moral_3p_random,0,5,47,815
A257UIPAZR9NTN_m3r5,2014-09-11,11:31:41,la_moral_3p_random,5,5,47,816
A26GD7O74RXO5U_m3r5,2014-09-11,11:40:32,la_moral_3p_random,0,5,47,817
A3URSY316O7QKA_m3r5,2014-09-11,11:45:15,la_moral_3p_random,5,5,47,818
ARFV302JOUOF_m3r5,2014-09-11,11:53:19,la_moral_3p_random,5,5,1,819
A25ZADCJI3D5AF_m3r5,2014-09-11,12:09:48,la_moral_3p_random,0,5,47,820
A22CDR7E994ORK_m3r5,2014-09-11,12:16:37,la_moral_3p_random,1,100,12,821
A3HNEYFOIJWPH1_m3r5,2014-09-11,12:40:14,la_moral_3p_random,5,5,47,822
A1I2V4JT86MJKK_m3r5,2014-09-11,12:45:32,la_moral_3p_random,50,100,24,823
AY83IK32UJU9B_m3r5,2014-09-11,12:46:52,la_moral_3p_random,10,5,47,824
A3M9OB97P8CBND_m3r5,2014-09-11,13:07:51,la_moral_3p_random,10,100,24,825
A1JG0SJHUXT1FW_m3r5,2014-09-11,13:10:53,la_moral_3p_random,10,5,47,826
A2A9UG936U98KG_m3r5,2014-09-11,13:12:56,la_moral_3p_random,10,100,24,827
ARU5SUU4YH3GX_m3r5,2014-09-11,13:43:25,la_moral_3p_random,10,100,47,828
A1YBX7P5PY8LL_m3r5,2014-09-17,18:04:54,la_moral_3p_random,0,5,24,829
AKFWAW2AJ5DOQ_m3r5,2014-09-17,18:04:58,la_moral_3p_random,5,5,47,830
A3D8O8CQZICN0F_m3r5,2014-09-17,18:05:38,la_moral_3p_random,10,100,16,831
A23VM3SZWYATBO_m3r5,2014-09-17,18:07:05,la_moral_3p_random,10,100,24,832
ARTSG66V2MOJ6_m3r5,2014-09-17,18:08:31,la_moral_3p_random,10,5,47,833
" A1PNOIIYIW9NYA_m3r5",2014-09-17,18:08:59,la_moral_3p_random,10,100,24,834
A1PMQY9CDRN6VJ_m3r5,2014-09-17,18:09:28,la_moral_3p_random,5,5,47,835
A2SD0FOTS35JYN_m3r5,2014-09-17,18:10:02,la_moral_3p_random,1,20,6,836
AJ34WB9Z37ILU_m3r5,2014-09-17,18:10:31,la_moral_3p_random,0,5,47,837
A1QOR6XZKINWNA_m3r5,2014-09-17,18:10:34,la_moral_3p_random,0,100,24,838
A3W5CPVTONIGVI_m3r5,2014-09-17,18:10:36,la_moral_3p_random,5,5,47,839
A2Q5O64TC9HI8V_m3r5,2014-09-17,18:10:45,la_moral_3p_random,5,5,47,840
A2ZBDSR2LZNVAE_m3r5,2014-09-17,18:11:08,la_moral_3p_random,5,5,47,841
A7PX6N3VS02IX_m3r5,2014-09-17,18:11:30,la_moral_3p_random,10,5,24,842
ANI295T27XYTO_m3r5,2014-09-17,18:12:20,la_moral_3p_random,10,20,47,843
AUJTK82RQURYV_m3r5,2014-09-17,18:13:11,la_moral_3p_random,5,5,24,844
A2SJC9VRBGNC58_m3r5,2014-09-17,18:13:31,la_moral_3p_random,5,5,47,845
ATVNZK7C2VVJD_m3r5,2014-09-17,18:14:00,la_moral_3p_random,10,100,24,846
ADELW3TS04YY7_m3r5,2014-09-17,18:14:49,la_moral_3p_random,10,5,47,847
A1RTGA9KHJ6VS4_m3r5,2014-09-17,18:14:56,la_moral_3p_random,5,5,47,848
AFN5VMMGYPF1I_m3r5,2014-09-17,18:14:56,la_moral_3p_random,5,5,47,849
A1G086U25XD2MI_m3r5,2014-09-17,18:15:42,la_moral_3p_random,10,100,47,850
" A20YGFCRNDTD6_m3r5",2014-09-17,18:16:53,la_moral_3p_random,0,100,24,851
A1OVT0PCQPZ2J7_m3r5,2014-09-17,18:17:28,la_moral_3p_random,10,100,24,852
A34WDWM497QFWI_m3r5,2014-09-17,18:17:33,la_moral_3p_random,5,5,47,853
AY67NCS5495PA_m3r5,2014-09-17,18:17:42,la_moral_3p_random,10,5,24,854
A39NHCOMRAS4ST_m3r5,2014-09-17,18:18:28,la_moral_3p_random,0,100,24,855
A3SMTP08PPXDWA_m3r5,2014-09-17,18:18:28,la_moral_3p_random,0,5,47,856
A3IHREMSBVMNQT_m3r5,2014-09-17,18:19:59,la_moral_3p_random,10,100,24,857
A3MAR4UNYX3FTY_m3r5,2014-09-17,18:21:13,la_moral_3p_random,10,100,24,858
A3U2PA1GJ3W93Y_m3r5,2014-09-17,18:22:09,la_moral_3p_random,9,5,47,859
ADOB8J5ANJLQW_m3r5,2014-09-17,18:23:58,la_moral_3p_random,10,100,24,860
A3GN3Q0B9R5AA_m3r5,2014-09-17,18:24:51,la_moral_3p_random,10,100,47,861
A22DUZBVW3YDK6_m3r5,2014-09-17,18:25:07,la_moral_3p_random,10,1,25,862
A2WB94D01SHAPH_m3r5,2014-09-17,18:26:59,la_moral_3p_random,10,5,49,863
A3VP27UUQ34OXK_m3r5,2014-09-17,18:29:28,la_moral_3p_random,10,100,24,864
A20KPSS5V2KNLT_m3r5,2014-09-17,18:33:49,la_moral_3p_random,5,100,47,865
A7W4CJ36FBX0N_m3r5,2014-09-17,18:38:57,la_moral_3p_random,5,5,47,866
" A2FZ33IG772RGT_m3r5",2014-09-17,18:39:39,la_moral_3p_random,10,100,1,867
A3IJCDUFWJ9XRO_m3r5,2014-09-17,18:53:48,la_moral_3p_random,10,100,24,868
A2GY4KKNZ73T5B_m3r5,2014-09-17,18:57:51,la_moral_3p_random,0,5,47,869
AUT7WIA27ENZ9_m3r5,2014-09-17,19:09:20,la_moral_3p_random,10,100,24,870
ARFDAABPF0Z5O_m3r5,2014-09-17,19:09:41,la_moral_3p_random,10,5,24,871
A2NPMC3FH05OSG_m3r5,2014-09-17,19:10:25,la_moral_3p_random,10,100,24,872
A1O7JVT3DJ7I0D_m3r5,2014-09-17,19:14:12,la_moral_3p_random,10,100,24,873
A1GV6JU1NSUD30_m3r5,2014-09-17,19:21:14,la_moral_3p_random,10,5,47,874
A27O2IILV3S5YS_m3r5,2014-09-17,19:34:45,la_moral_3p_random,0,5,47,875
A1RFMKXITDAOCX_m3r5,2014-09-17,20:11:53,la_moral_3p_random,5,100,32,876
A2ECER48S9Y44U_m3r5,2014-09-17,20:13:50,la_moral_3p_random,10,5,2,877
A13UG90T6301VE_m3r5,2014-09-17,20:20:18,la_moral_3p_random,5,5,47,878
A2H4HYDU6FEAMQ_m3r5,2014-09-18,10:27:45,la_moral_3p_random,10,100,24,879
A3RRCLDVNSFS6H_m3r5,2014-09-18,10:27:48,la_moral_3p_random,0,100,12,880
" A3LN9BVLOWLYER_m3r5",2014-09-18,10:27:51,la_moral_3p_random,7,100,24,881
ACXR9CVS59T23_m3r5,2014-09-18,10:28:48,la_moral_3p_random,0,20,47,882
AU7A3QNJF3O00_m3r5,2014-09-18,10:28:49,la_moral_3p_random,10,100,47,883
A3O8U9LRPHC94H_m3r5,2014-09-18,10:29:44,la_moral_3p_random,0,500,24,884
A19BMRBO5UAD6H_m3r5,2014-09-18,10:30:52,la_moral_3p_random,10,100,24,885
A3581R6GWGIMJX_m3r5,2014-09-18,10:30:52,la_moral_3p_random,10,5,24,886
A3S3NLZV7A06QN_m3r5,2014-09-18,10:31:06,la_moral_3p_random,1,5,47,887
A1PT63J40GNSZF_m3r5,2014-09-18,10:32:12,la_moral_3p_random,10,100,47,888
ASSLGDY9ZOR2R_m3r5,2014-09-18,10:32:16,la_moral_3p_random,10,100,5,889
A179FA3NA9FQ47_m3r5,2014-09-18,10:32:17,la_moral_3p_random,10,5,47,890
A2MS79E5JZLZ0L_m3r5,2014-09-18,10:32:34,la_moral_3p_random,0,1,12,891
A1RTMAOVYQIAG7_m3r5,2014-09-18,10:33:17,la_moral_3p_random,10,100,24,892
A14XY4KSUATVAA_m3r5,2014-09-18,10:33:19,la_moral_3p_random,0,20,24,893
A1KQWBK5WHCNYQ_m3r5,2014-09-18,10:33:21,la_moral_3p_random,0,5,47,894
A3MFQL7NLSJ4WH_m3r5,2014-09-18,10:33:57,la_moral_3p_random,10,100,24,895
A2YHGBDEMVIAH0_m3r5,2014-09-18,10:34:28,la_moral_3p_random,0,100,24,896
"AFJA6W2RWNQCZ _m3r5",2014-09-18,10:35:00,la_moral_3p_random,10,5,24,897
A3FYQFWEULR6QB_m3r5,2014-09-18,10:35:24,la_moral_3p_random,10,100,24,898
A1C1LO2UX3NSNT_m3r5,2014-09-18,10:35:31,la_moral_3p_random,10,5,47,899
A26X054UJOBN6K_m3r5,2014-09-18,10:35:51,la_moral_3p_random,10,5,47,900
A3OF6X7KVJ4Z99_m3r5,2014-09-18,10:36:13,la_moral_3p_random,10,100,47,901
" A2WZDY9R2GHRXD_m3r5",2014-09-18,10:36:16,la_moral_3p_random,0,25,24,902
A1DDPSGI2AH4EO_m3r5,2014-09-18,10:36:33,la_moral_3p_random,90,100,47,903
AFT06UGRPBTEQ_m3r5,2014-09-18,10:36:40,la_moral_3p_random,0,5,47,904
A2BTJFHP7WQY23_m3r5,2014-09-18,10:38:06,la_moral_3p_random,10,100,24,905
A2RHQDS58PL14K_m3r5,2014-09-18,10:39:19,la_moral_3p_random,5,5,47,906
ACQVIEH85AI0D_m3r5,2014-09-18,10:40:03,la_moral_3p_random,10,100,24,907
AT0XOIMR637KW_m3r5,2014-09-18,10:41:00,la_moral_3p_random,10,5,47,908
A1XCQA727LJVL2_m3r5,2014-09-18,10:41:00,la_moral_3p_random,0,100,24,909
A1KLKBR91IBJC2_m3r5,2014-09-18,10:41:07,la_moral_3p_random,5,5,47,910
AW1SWNQFPIUKF_m3r5,2014-09-18,10:54:42,la_moral_3p_random,10,100,24,911
A36470UBRH28GO_m3r5,2014-09-18,10:57:03,la_moral_3p_random,0,5,47,912
A8UM292EGKZ14_m3r5,2014-09-18,10:58:36,la_moral_3p_random,10,5,47,913
A1R1BNSFBG04AV_m3r5,2014-09-18,10:59:06,la_moral_3p_random,10,5,47,914
A334V9Z5AJOK36_m3r5,2014-09-18,11:06:04,la_moral_3p_random,105,5,47,915
AN9MVFWRCF2OP_m3r5,2014-09-18,11:17:49,la_moral_3p_random,5,5,47,916
A14C8SDEDOYPDC_m3r5,2014-09-18,11:18:01,la_moral_3p_random,5,5,47,917
AY5O199V9M9O7_m3r5,2014-09-18,11:18:17,la_moral_3p_random,5,5,47,918
A2NV6DVP5UBBT0_m3r5,2014-09-18,11:18:51,la_moral_3p_random,10,100,24,919
A2PSBSDIFZYXW_m3r5,2014-09-18,11:19:17,la_moral_3p_random,10,1,7,920
A3E08GRFJJAT2S_m3r5,2014-09-18,11:19:47,la_moral_3p_random,5,5,47,921
A2EY0R9GUHBNQX_m3r5,2014-09-18,11:19:56,la_moral_3p_random,0,100,5,922
A2V3OLQMISGLWY_m3r5,2014-09-18,11:20:16,la_moral_3p_random,10,100,24,923
A1G69P73SBVUR4_m3r5,2014-09-18,11:20:48,la_moral_3p_random,5,5,47,924
ADIRMBJQ77E61_m3r5,2014-09-18,11:21:11,la_moral_3p_random,0,100,24,925
A1QOPE5YZYWKHE_m3r5,2014-09-18,11:21:33,la_moral_3p_random,0,5,47,926
AH6RWPAG642L1_m3r5,2014-09-18,11:21:47,la_moral_3p_random,10,100,24,927
A282ZM8UBKT6D4_m3r5,2014-09-18,11:22:00,la_moral_3p_random,5,5,24,928
A22J1U3RTB7TG4_m3r5,2014-09-18,11:22:43,la_moral_3p_random,0,20,12,929
A1WJC9VETYJYHP_m3r5,2014-09-18,11:23:06,la_moral_3p_random,5,5,47,930
A1G24OXMQ5V06Z_m3r5,2014-09-18,11:23:27,la_moral_3p_random,5,5,47,931
A1BM57TUNAQIXM_m3r5,2014-09-18,11:24:31,la_moral_3p_random,5,5,47,932
A221FSWO28B4YF_m3r5,2014-09-18,11:24:36,la_moral_3p_random,10,100,36,933
A2RREI7Z5EVR2X_m3r5,2014-09-18,11:24:59,la_moral_3p_random,0,100,24,934
A2EB76NMY2NHUS_m3r5,2014-09-18,11:25:36,la_moral_3p_random,5,5,47,935
A19983YGO0MKCS_m3r5,2014-09-18,11:25:42,la_moral_3p_random,0,5,47,936
A2C8RZO1ETWRVQ_m3r5,2014-09-18,11:25:52,la_moral_3p_random,10,50,24,937
A2OGWB5LE6RHNA_m3r5,2014-09-18,11:25:55,la_moral_3p_random,10,100,24,938
A1P3I7YCWXF9YG_m3r5,2014-09-18,11:26:07,la_moral_3p_random,10,100,24,939
A49J8YAFS8J7I_m3r5,2014-09-18,11:26:24,la_moral_3p_random,10,100,47,940
A3PB2SW241TJ89_m3r5,2014-09-18,11:26:29,la_moral_3p_random,10,5,47,941
ACY1SGG0PND8W_m3r5,2014-09-18,11:26:36,la_moral_3p_random,10,100,47,942
A3IXDTIS3GTW8K_m3r5,2014-09-18,11:27:30,la_moral_3p_random,5,5,47,943
" A30KE8N63FZIZ0_m3r5",2014-09-18,11:27:32,la_moral_3p_random,10,100,24,944
A2EUMXCQHCP25R_m3r5,2014-09-18,11:27:41,la_moral_3p_random,0,100,47,945
A1GHCVQ5XWM3JL_m3r5,2014-09-18,11:28:21,la_moral_3p_random,0,5,47,946
A3SO41LNYREVAB_m3r5,2014-09-18,11:28:56,la_moral_3p_random,10,100,6,947
ARIQH18DLS4LC_m3r5,2014-09-18,11:31:12,la_moral_3p_random,5,100,24,948
A1PAY3X73PQ16S_m3r5,2014-09-18,11:31:45,la_moral_3p_random,0,5,0,949
A33KIELSFIQ02Q_m3r5,2014-09-18,11:35:23,la_moral_3p_random,10,5,47,950
A1U7AAKEZ4YXZD_m3r5,2014-09-18,11:35:33,la_moral_3p_random,10,20,4,951
A3V6M08G06MRK2_m3r5,2014-09-18,11:36:23,la_moral_3p_random,5,100,47,952
AI9QOT5C5DN1P_m3r5,2014-09-18,11:37:21,la_moral_3p_random,5,5,47,953
A3F0NFNLOLFJT0_m3r5,2014-09-18,11:38:39,la_moral_3p_random,0,5,12,954
A39Q6EA421OBQE_m3r5,2014-09-18,11:39:00,la_moral_3p_random,10,100,24,955
A37HUVPAJTNSGT_m3r5,2014-09-18,11:39:34,la_moral_3p_random,5,20,47,956
A2MCG5W6LHSRG9_m3r5,2014-09-18,11:40:10,la_moral_3p_random,5,1,47,957
A2HKPK07PSOPT3_m3r5,2014-09-18,11:41:37,la_moral_3p_random,0,100,24,958
A36ARDS62APRSL_m3r5,2014-09-18,11:41:42,la_moral_3p_random,0,100,24,959
A33T498R0KXWAJ_m3r5,2014-09-18,11:44:20,la_moral_3p_random,10,5,26,960
A4PA5EW33W7J4_m3r5,2014-09-18,11:48:22,la_moral_3p_random,5,1,47,961
AIY2D7A7DP4V3_m3r5,2014-09-18,11:49:56,la_moral_3p_random,10,5,47,962
A1ODGBU73JE8S_m3r5,2014-09-18,11:54:53,la_moral_3p_random,10,100,24,963
AVVZTRF9H0XHH_m3r5,2014-09-18,11:55:03,la_moral_3p_random,5,5,47,964
A2EI075XZT9Y2S_m3r5,2014-09-18,11:58:13,la_moral_3p_random,5,5,47,965
AKX5RHHO8BIUX_m3r5,2014-09-18,12:00:07,la_moral_3p_random,5,5,47,966
AH6PQTU8QFO8U_m3r5,2014-09-18,12:03:03,la_moral_3p_random,0,1,47,967
A3BO90D83RV06T_m3r5,2014-09-18,12:04:12,la_moral_3p_random,10,100,24,968
AEODWC300ZWZQ_m3r5,2014-09-18,12:07:20,la_moral_3p_random,10,5,47,969
AN6WT1D6EQ8V5_m3r5,2014-09-18,12:12:07,la_moral_3p_random,10,100,12,970
AOPP2V6ALNOE0_m3r5,2014-09-18,12:17:49,la_moral_3p_random,10,100,24,971
A2HQHBR7Z4AI56_m3r5,2014-09-18,12:23:20,la_moral_3p_random,0,5,47,972
A8TCR99262PGK_m3r5,2014-09-18,12:37:45,la_moral_3p_random,10,100,12,973
A1DCGB72N1UIPT_m3r5,2014-09-18,12:39:53,la_moral_3p_random,5,5,47,974
A34AC73I1RITRZ_m3r5,2014-09-18,12:51:46,la_moral_3p_random,10,5,24,975
A2CC4DS7MD6QW_m3r5,2014-09-18,12:53:19,la_moral_3p_random,5,5,47,976
A2Q9V1TT4KDG4Q_m3r5,2014-09-18,12:59:47,la_moral_3p_random,10,5,47,977
A2NDWGAZE6PBQA_m3r5,2014-09-18,15:14:15,la_moral_3p_random,10,5,36,978
