subject,datestamp,timestamp,version,moral1,moral2,moral3,id
test_m3r5,2014-09-06,12:02:35,la_moral_3p_random,4,4,4,318
test_m3r5,2014-09-07,13:04:56,la_moral_3p_random,3,2,3,319
test_adam5_m3r5,2014-09-07,13:17:33,la_moral_3p_random,5,3,2,320
AZFMP1J0ZLX7J_m3r5,2014-09-08,10:32:13,la_moral_3p_random,5,5,5,321
A22051NK9RQ4FV_m3r5,2014-09-08,11:24:18,la_moral_3p_random,3,5,5,322
A1WLTQBWNBME3F_m3r5,2014-09-08,11:25:44,la_moral_3p_random,3,4,4,323
A27Z95LLMJ3UOM_m3r5,2014-09-08,12:06:25,la_moral_3p_random,1,2,3,324
A3267FRR3ER30C_m3r5,2014-09-08,12:20:15,la_moral_3p_random,1,4,2,325
A4NUJN9VSJC3W_m3r5,2014-09-08,12:20:51,la_moral_3p_random,4,3,5,326
A33B85TN97HQ33_m3r5,2014-09-08,12:20:59,la_moral_3p_random,4,6,4,327
A39C1BN9ZSQ0R2_m3r5,2014-09-08,12:21:09,la_moral_3p_random,2,3,5,328
A3QIG18VHBXBSZ_m3r5,2014-09-08,12:21:20,la_moral_3p_random,7,7,7,329
AT49Y7HOUVIYU_m3r5,2014-09-08,12:21:21,la_moral_3p_random,3,3,3,330
A31U7VGTEOY2RG_m3r5,2014-09-08,12:21:37,la_moral_3p_random,7,7,7,331
A1FAE7DKA544XV_m3r5,2014-09-08,12:21:52,la_moral_3p_random,1,4,2,332
A2GAN77CVHWV45_m3r5,2014-09-08,12:21:58,la_moral_3p_random,6,7,7,333
A1IJ0ZPL5LSU2L_m3r5,2014-09-08,12:22:18,la_moral_3p_random,2,2,2,334
A1UN7E3PNICY09_m3r5,2014-09-08,12:22:19,la_moral_3p_random,3,3,6,335
A8OE2E20OZYKI_m3r5,2014-09-08,12:22:38,la_moral_3p_random,3,3,4,336
A3G2JDGJCXCWVD_m3r5,2014-09-08,12:23:12,la_moral_3p_random,2,2,4,337
A3ELH98LAETCP9_m3r5,2014-09-08,12:23:14,la_moral_3p_random,2,4,4,338
A2H4875Q9FY71K_m3r5,2014-09-08,12:23:16,la_moral_3p_random,4,4,5,339
A2NI68982FI4SM_m3r5,2014-09-08,12:23:51,la_moral_3p_random,5,7,7,340
A27A4AMQ7QCXKU_m3r5,2014-09-08,12:24:07,la_moral_3p_random,3,3,6,341
AGVAY3FTPAVLQ_m3r5,2014-09-08,12:24:26,la_moral_3p_random,3,4,5,342
A1VO8E1TC7IJFY_m3r5,2014-09-08,12:24:35,la_moral_3p_random,4,3,5,343
A1FW68HLKWGLGW_m3r5,2014-09-08,12:24:35,la_moral_3p_random,4,4,7,344
A2DQ1VB93ZKWF2_m3r5,2014-09-08,12:24:49,la_moral_3p_random,7,7,7,345
A2MK1S9A4N7ZB3_m3r5,2014-09-08,12:25:45,la_moral_3p_random,7,4,4,346
A303KNHZS7LX3NX_m3r5,2014-09-08,12:25:59,la_moral_3p_random,5,7,4,347
A24DZU2LIWZQCG_m3r5,2014-09-08,12:26:18,la_moral_3p_random,3,0,2,348
A1XLALCEEC4XHG_m3r5,2014-09-08,12:27:03,la_moral_3p_random,3,4,4,349
AVRD9XYKPXSY3_m3r5,2014-09-08,12:28:33,la_moral_3p_random,1,2,1,350
A3EZJWGS3Y9DK3_m3r5,2014-09-08,12:28:46,la_moral_3p_random,2,4,4,351
AIU8VYWN7GUK4_m3r5,2014-09-08,12:32:02,la_moral_3p_random,6,7,4,352
AIH06SF8MK6XF_m3r5,2014-09-08,12:35:20,la_moral_3p_random,3,3,3,353
aaezql4j6cqgm_m3r5,2014-09-08,12:36:38,la_moral_3p_random,1,2,1,354
A77431ZTRYE96_m3r5,2014-09-08,12:42:30,la_moral_3p_random,2,2,2,355
AODPVTKUSNBUT_m3r5,2014-09-08,12:48:18,la_moral_3p_random,3,5,5,356
A3CXZCKT34LV8_m3r5,2014-09-08,12:50:44,la_moral_3p_random,3,5,5,357
A3GL39AZ2WUHV6_m3r5,2014-09-08,12:50:48,la_moral_3p_random,7,0,4,358
A1N9I1PJXEL06H_m3r5,2014-09-08,12:54:15,la_moral_3p_random,3,5,3,359
A4GRO4JZRVP14_m3r5,2014-09-08,13:00:03,la_moral_3p_random,4,3,4,360
A36LOA6VLJU157_m3r5,2014-09-08,13:09:07,la_moral_3p_random,2,2,3,361
A142ZRU284W9O_m3r5,2014-09-08,13:16:02,la_moral_3p_random,1,3,1,362
A1T56P6L5730HG_m3r5,2014-09-08,13:23:43,la_moral_3p_random,2,6,6,363
A2FU1WIEOJB669_m3r5,2014-09-08,13:43:27,la_moral_3p_random,3,4,5,364
A4J4GGMKJ68L0_m3r5,2014-09-08,13:45:50,la_moral_3p_random,1,2,3,365
A2E3SM3T01ENIR_m3r5,2014-09-08,14:06:45,la_moral_3p_random,1,2,1,366
A29IC6S1JES2XW_m3r5,2014-09-08,14:16:56,la_moral_3p_random,2,2,1,367
A49HPQ9P5AHU4_m3r5,2014-09-08,14:26:04,la_moral_3p_random,3,2,5,368
A2LXE92OK17WE9_m3r5,2014-09-08,14:49:46,la_moral_3p_random,7,6,4,369
A3N4KC3661ZIH6_m3r5,2014-09-09,10:26:36,la_moral_3p_random,2,2,3,370
A87FX9D14KMZM_m3r5,2014-09-09,10:27:21,la_moral_3p_random,3,3,5,371
A1614EW9OY4IQ0_m3r5,2014-09-09,10:27:45,la_moral_3p_random,1,2,3,372
AWCE4HJPALHPH_m3r5,2014-09-09,10:28:01,la_moral_3p_random,7,7,7,373
" ARNTOT4L28BBP_m3r5",2014-09-09,10:29:03,la_moral_3p_random,1,2,2,374
A3K7CBKBEH9ZNN_m3r5,2014-09-09,10:29:16,la_moral_3p_random,5,3,6,375
A3EG0P2HP829FU_m3r5,2014-09-09,10:29:24,la_moral_3p_random,7,2,6,376
353050_m3r5,2014-09-09,10:29:31,la_moral_3p_random,6,5,4,377
AF18OIZ0GWGP2_m3r5,2014-09-09,10:29:38,la_moral_3p_random,5,5,5,378
A3B96QLXW4J0BL_m3r5,2014-09-09,10:29:50,la_moral_3p_random,7,6,5,379
A2VDLRRPXV3N59_m3r5,2014-09-09,10:29:50,la_moral_3p_random,2,4,7,380
A1W8WP80JTGUFB_m3r5,2014-09-09,10:29:53,la_moral_3p_random,3,5,4,381
A80XHXZVOSB8E_m3r5,2014-09-09,10:30:15,la_moral_3p_random,5,6,5,382
A2BH9WN8HDLYMM_m3r5,2014-09-09,10:30:29,la_moral_3p_random,5,7,7,383
A3288S6SY4V4NB_m3r5,2014-09-09,10:30:57,la_moral_3p_random,6,6,4,384
A2WLGVXAVT2XTR_m3r5,2014-09-09,10:31:03,la_moral_3p_random,7,7,7,385
A1TU88CSLO4S3B_m3r5,2014-09-09,10:31:05,la_moral_3p_random,2,5,5,386
A164L54MG5UQAU_m3r5,2014-09-09,10:31:22,la_moral_3p_random,4,4,5,387
A35GF5387FHJLJ_m3r5,2014-09-09,10:31:28,la_moral_3p_random,4,5,7,388
A3C25ULYKB0F42_m3r5,2014-09-09,10:32:12,la_moral_3p_random,2,7,7,389
APR1H0B5FZNRE_m3r5,2014-09-09,10:32:25,la_moral_3p_random,6,5,6,390
A3TKPDAEAIP49V_m3r5,2014-09-09,10:32:44,la_moral_3p_random,3,3,3,391
A3TQ7M1WPR7Q44_m3r5,2014-09-09,10:33:08,la_moral_3p_random,4,4,5,392
A27OFAZQ6UWWZ3_m3r5,2014-09-09,10:33:15,la_moral_3p_random,2,2,1,393
A321AGEY23DDEH_m3r5,2014-09-09,10:34:39,la_moral_3p_random,1,4,5,394
A1CGUFW3R6M234_m3r5,2014-09-09,10:39:28,la_moral_3p_random,2,5,3,395
A2LJ3Z8LJESI7Z_m3r5,2014-09-09,10:41:34,la_moral_3p_random,1,2,1,396
A37RHQPON2RJYL_m3r5,2014-09-09,10:41:46,la_moral_3p_random,3,3,5,397
A1EIBJSACH8DKX_m3r5,2014-09-09,10:42:04,la_moral_3p_random,5,6,7,398
ASFR82SJYMGNU_m3r5,2014-09-09,10:42:09,la_moral_3p_random,2,3,4,399
A19PATBI3SQNU0_m3r5,2014-09-09,11:05:53,la_moral_3p_random,5,3,6,400
A2ISR5FI0OIHE0_m3r5,2014-09-09,11:12:52,la_moral_3p_random,3,3,3,401
A2CSENNI43N272_m3r5,2014-09-09,11:15:12,la_moral_3p_random,3,6,4,402
A32QRY3NAE9PUD_m3r5,2014-09-09,11:15:40,la_moral_3p_random,1,4,4,403
A4SKTCPDTV550_m3r5,2014-09-09,11:17:24,la_moral_3p_random,4,6,2,404
A10VQSMGPJFSMU_m3r5,2014-09-09,11:17:36,la_moral_3p_random,1,2,1,405
A3BFMY5OX2WMUW_m3r5,2014-09-09,11:29:51,la_moral_3p_random,3,3,3,406
A9S9MBO58AHKX_m3r5,2014-09-09,11:32:08,la_moral_3p_random,2,3,4,407
ABKPEX0E9W2HW_m3r5,2014-09-09,11:43:03,la_moral_3p_random,2,0,2,408
A39RF1I4KALHKM_m3r5,2014-09-09,11:46:16,la_moral_3p_random,3,3,3,409
A13EP1HO0F4GX_m3r5,2014-09-09,11:52:45,la_moral_3p_random,2,4,6,410
A1FP3SH704X01V_m3r5,2014-09-09,12:06:03,la_moral_3p_random,5,6,6,411
A2O4M3CJS7563O_m3r5,2014-09-09,12:19:39,la_moral_3p_random,2,5,3,412
A1P7TCH4CD2GCV_m3r5,2014-09-09,12:25:33,la_moral_3p_random,3,2,2,413
A3OG9MWN7X6OYZ_m3r5,2014-09-09,12:30:11,la_moral_3p_random,3,4,4,414
A3F55JJCVTTCCW_m3r5,2014-09-09,12:33:13,la_moral_3p_random,3,3,2,415
A1Z8EJOEEHKUR6_m3r5,2014-09-09,12:42:02,la_moral_3p_random,3,4,2,416
AR2TF6FMFZGP9_m3r5,2014-09-09,12:57:06,la_moral_3p_random,7,7,7,417
A3DHJDGGSPEI0O_m3r5,2014-09-09,13:30:03,la_moral_3p_random,6,2,3,418
A3JJRBA7IT7QPL_m3r5,2014-09-09,13:53:35,la_moral_3p_random,3,5,3,419
A1PZ1YZAQEXRSQ_m3r5,2014-09-09,13:59:17,la_moral_3p_random,4,0,3,420
A13A0EE7L3YZNB_m3r5,2014-09-09,13:59:50,la_moral_3p_random,2,2,4,421
ACT7CRH2BAWIY_m3r5,2014-09-09,14:00:01,la_moral_3p_random,5,6,6,422
A2H2FY88G8L1LB_m3r5,2014-09-09,14:00:34,la_moral_3p_random,2,2,2,423
A9F041T771FZ2_m3r5,2014-09-09,14:01:12,la_moral_3p_random,2,0,3,424
A3TH4VAS25F4BG_m3r5,2014-09-09,14:01:12,la_moral_3p_random,3,4,4,425
A2O3M7EMOF8JNV_m3r5,2014-09-09,14:01:13,la_moral_3p_random,2,2,2,426
AKZTERGU6GRXE_m3r5,2014-09-09,14:01:23,la_moral_3p_random,7,7,7,427
A34NNYE0Y7XCG7_m3r5,2014-09-09,14:01:29,la_moral_3p_random,3,3,6,428
A3NTN55QZLFU51_m3r5,2014-09-09,14:01:38,la_moral_3p_random,6,6,5,429
A1S88VQY8G8CNC_m3r5,2014-09-09,14:02:19,la_moral_3p_random,1,2,1,430
A2GFRYX2PIRT4S_m3r5,2014-09-09,14:02:46,la_moral_3p_random,6,4,5,431
A1XJ3BSSZECL4P_m3r5,2014-09-09,14:03:24,la_moral_3p_random,1,2,2,432
ARVSVYBL46LC9_m3r5,2014-09-09,14:03:37,la_moral_3p_random,3,5,3,433
A1ETJBNTO9ZWZ8_m3r5,2014-09-09,14:03:48,la_moral_3p_random,7,5,7,434
A9HG8QEUGH4KN_m3r5,2014-09-09,14:05:13,la_moral_3p_random,3,4,5,435
A31R3A3DFZBG8G_m3r5,2014-09-09,14:07:38,la_moral_3p_random,5,3,3,436
ACTPXLRRLBWFB_m3r5,2014-09-09,14:10:31,la_moral_3p_random,2,4,6,437
A2S62LICLGP9ZI_m3r5,2014-09-09,14:11:13,la_moral_3p_random,7,6,6,438
AQN3WMCEA96DQ_m3r5,2014-09-09,14:11:56,la_moral_3p_random,3,4,3,439
A2SRXFK73C1QE9_m3r5,2014-09-09,14:13:28,la_moral_3p_random,1,2,1,440
AYF8B7WJO2YQU_m3r5,2014-09-09,14:16:16,la_moral_3p_random,5,4,3,441
A1RGBY2W0ZD2HN_m3r5,2014-09-09,14:16:33,la_moral_3p_random,5,5,7,442
ACJB56HJ1QFMH_m3r5,2014-09-09,14:16:38,la_moral_3p_random,3,6,6,443
AEKCK3L7OKCY9_m3r5,2014-09-09,14:17:13,la_moral_3p_random,1,2,1,444
A3U0A3LP7Q38JC_m3r5,2014-09-09,14:19:53,la_moral_3p_random,4,6,7,445
undefined_m3r5,2014-09-09,14:26:50,la_moral_3p_random,2,5,6,446
A2MG57U8NJGA9U_m3r5,2014-09-09,14:28:20,la_moral_3p_random,5,5,4,447
A16ZBL55UWVTQK_m3r5,2014-09-09,14:29:33,la_moral_3p_random,4,4,4,448
" A1QW9X92VY4J4D_m3r5",2014-09-09,14:34:30,la_moral_3p_random,3,5,3,449
A19KJKSZZAIDO_m3r5,2014-09-09,14:34:39,la_moral_3p_random,2,3,4,450
A1PG4ARE585E5Q_m3r5,2014-09-09,14:39:05,la_moral_3p_random,3,7,4,451
A27BUT19WQ6P1O_m3r5,2014-09-09,14:40:47,la_moral_3p_random,5,5,6,452
A1MUL6WOQYAGG9_m3r5,2014-09-09,14:53:18,la_moral_3p_random,2,0,1,453
AOPG07J95DDJT_m3r5,2014-09-09,15:05:03,la_moral_3p_random,3,5,5,454
A3R25SV8HUGML2_m3r5,2014-09-09,15:19:11,la_moral_3p_random,5,0,1,455
A1XPUUD0HLD6HB_m3r5,2014-09-09,15:21:34,la_moral_3p_random,1,2,1,456
A2EZIVFW94AFCY_m3r5,2014-09-09,15:36:19,la_moral_3p_random,1,2,2,457
A3K9D8GTORL5BN_m3r5,2014-09-09,15:42:48,la_moral_3p_random,3,3,5,458
A2653BIPJKEMRK_m3r5,2014-09-09,16:01:00,la_moral_3p_random,2,2,4,459
A2CCK1JKX48R0H_m3r5,2014-09-09,16:01:10,la_moral_3p_random,5,5,6,460
A8BGHKGBA8O33_m3r5,2014-09-09,16:01:44,la_moral_3p_random,5,4,4,461
" A2U0PGDD0O1GBR_m3r5",2014-09-09,16:05:00,la_moral_3p_random,3,5,2,462
A1RWNYJA5X25YH_m3r5,2014-09-09,16:06:01,la_moral_3p_random,6,6,6,463
A3PLIK4J4WEWWD_m3r5,2014-09-09,16:20:41,la_moral_3p_random,3,7,6,464
A3696JXTRKL2FI_m3r5,2014-09-09,16:21:54,la_moral_3p_random,2,4,5,465
AVCXJ9M71WDCB_m3r5,2014-09-09,16:35:16,la_moral_3p_random,3,5,4,466
A11WC4G8LOMYQO_m3r5,2014-09-09,16:44:06,la_moral_3p_random,5,3,5,467
A5WGOX0NBXJE4_m3r5,2014-09-09,16:59:52,la_moral_3p_random,2,5,2,468
A1H95TGQZSN1P1_m3r5,2014-09-09,17:08:41,la_moral_3p_random,2,0,4,469
A1EB857G7CK9K9_m3r5,2014-09-09,17:33:08,la_moral_3p_random,2,3,3,470
A16QWUZ58QTD5W_m3r5,2014-09-10,15:08:55,la_moral_3p_random,3,4,4,471
A3VMBFGYG07DJA_m3r5,2014-09-10,15:09:40,la_moral_3p_random,3,5,4,472
A25ROS9CH7PSFZ_m3r5,2014-09-10,15:09:48,la_moral_3p_random,6,5,6,473
A1XLGIFFGB01EU_m3r5,2014-09-10,15:09:59,la_moral_3p_random,2,4,2,474
A3MZX94O5WLVPM_m3r5,2014-09-10,15:10:15,la_moral_3p_random,6,5,4,475
AE6Z9DDYUCLKN_m3r5,2014-09-10,15:10:31,la_moral_3p_random,2,3,5,476
A2XFJC0VE4U399_m3r5,2014-09-10,15:11:04,la_moral_3p_random,1,3,3,477
A12IOD8IXOEL1P_m3r5,2014-09-10,15:11:05,la_moral_3p_random,1,4,2,478
A1JLOL8CV81AL2_m3r5,2014-09-10,15:11:05,la_moral_3p_random,4,4,6,479
AK7OWBZVKPS5Q_m3r5,2014-09-10,15:11:24,la_moral_3p_random,7,7,7,480
AGFWV1U4CJXP5_m3r5,2014-09-10,15:11:25,la_moral_3p_random,2,3,4,481
A2V1IB3LHMWL25_m3r5,2014-09-10,15:11:34,la_moral_3p_random,5,2,5,482
AVWHUV64C4K5T_m3r5,2014-09-10,15:11:39,la_moral_3p_random,6,4,4,483
A3O9DM10HVQDE0_m3r5,2014-09-10,15:11:45,la_moral_3p_random,7,7,7,484
A1DGAZZZHY4FXG_m3r5,2014-09-10,15:11:49,la_moral_3p_random,4,5,6,485
AZ4WAAJL6LK6R_m3r5,2014-09-10,15:11:52,la_moral_3p_random,1,5,4,486
A2VI7IXMQ8E1Q7_m3r5,2014-09-10,15:12:11,la_moral_3p_random,3,5,5,487
A3Q0XAGQ7TD7MP_m3r5,2014-09-10,15:12:33,la_moral_3p_random,6,6,4,488
A2AVWXK2DZHYCM_m3r5,2014-09-10,15:12:36,la_moral_3p_random,1,2,2,489
A2RCJ3VBQ7HZUP_m3r5,2014-09-10,15:12:40,la_moral_3p_random,5,4,5,490
A3A77DHOTOD88B_m3r5,2014-09-10,15:13:23,la_moral_3p_random,1,2,2,491
A21ZPWERX0DMZ2_m3r5,2014-09-10,15:13:48,la_moral_3p_random,1,2,7,492
AHZPOM46IUJ2N_m3r5,2014-09-10,15:14:05,la_moral_3p_random,4,5,4,493
A2TIV553DM68N7_m3r5,2014-09-10,15:14:14,la_moral_3p_random,3,4,3,494
AGPBP85B17VXL_m3r5,2014-09-10,15:14:15,la_moral_3p_random,1,2,3,495
AK7LGB1QOGA1P_m3r5,2014-09-10,15:14:24,la_moral_3p_random,4,7,7,496
A3DZ46U9XRLVBI_m3r5,2014-09-10,15:15:01,la_moral_3p_random,5,3,4,497
A2QUPVFM02G1AI_m3r5,2014-09-10,15:16:11,la_moral_3p_random,5,4,5,498
A2EX2FN2F4HN3C_m3r5,2014-09-10,15:17:26,la_moral_3p_random,5,6,6,499
A1IYFXLF8HPO0G_m3r5,2014-09-10,15:18:46,la_moral_3p_random,3,2,4,500
A2NRW37D7QPLRE_m3r5,2014-09-10,15:18:55,la_moral_3p_random,2,5,3,501
A290OV59Q76QC8_m3r5,2014-09-10,15:20:58,la_moral_3p_random,2,3,1,502
A1QCQE5XW37LN1_m3r5,2014-09-10,15:21:18,la_moral_3p_random,1,4,5,503
A2ZSDMCQ5P0BJJ_m3r5,2014-09-10,15:23:09,la_moral_3p_random,7,7,7,504
AO7FM98CP90CL_m3r5,2014-09-10,15:42:21,la_moral_3p_random,4,3,4,505
A2BA9Y6VGW6WS1_m3r5,2014-09-10,15:44:15,la_moral_3p_random,1,4,2,506
A22M4NS65GY000_m3r5,2014-09-10,15:47:18,la_moral_3p_random,5,2,5,507
AIVVLD85IW8WV_m3r5,2014-09-10,15:53:35,la_moral_3p_random,2,2,3,508
A3GYL70SZLQAU_m3r5,2014-09-10,16:00:02,la_moral_3p_random,5,7,5,509
A3DLKEN1H17CCE_m3r5,2014-09-10,16:01:00,la_moral_3p_random,2,5,5,510
A3N6U6XPU8TEWJ_m3r5,2014-09-10,16:02:39,la_moral_3p_random,6,3,1,511
A3FYSDFRZF4T8_m3r5,2014-09-10,16:10:33,la_moral_3p_random,4,4,6,512
A2YG8SJW6YRQAT_m3r5,2014-09-10,16:17:18,la_moral_3p_random,6,4,4,513
A1HTLKNMX2K3NT_m3r5,2014-09-10,16:17:41,la_moral_3p_random,2,5,5,514
A14CZH0LPHBX79_m3r5,2014-09-10,16:20:35,la_moral_3p_random,2,2,2,515
A1HTLKNMX2K3NT_m3r5,2014-09-10,16:24:54,la_moral_3p_random,2,5,5,516
A2E8RFKIOY2MQR_m3r5,2014-09-10,16:28:08,la_moral_3p_random,3,4,4,517
A248ARSA6FS20S_m3r5,2014-09-10,16:28:47,la_moral_3p_random,4,5,7,518
A37GPRSEZORJRG_m3r5,2014-09-10,16:31:34,la_moral_3p_random,1,6,7,519
A3E4DS46A6IJTZ_m3r5,2014-09-10,16:33:07,la_moral_3p_random,1,4,4,520
ABFB5IVNTYM4E_m3r5,2014-09-10,16:33:29,la_moral_3p_random,4,6,4,521
AZFJ4Y7VFQBDH_m3r5,2014-09-10,16:37:21,la_moral_3p_random,5,4,5,522
AGJM3414MUSEH_m3r5,2014-09-10,16:57:55,la_moral_3p_random,3,3,3,523
A2YAB9OITN0ZTU_m3r5,2014-09-10,17:09:41,la_moral_3p_random,4,2,5,524
A1HTJ7Q459GY2K_m3r5,2014-09-10,17:15:37,la_moral_3p_random,3,5,2,525
A2YIM8S1MZCKDY_m3r5,2014-09-11,10:54:16,la_moral_3p_random,2,2,3,526
A2IZNMRW4C4XM6_m3r5,2014-09-11,10:54:29,la_moral_3p_random,1,2,4,527
AM2WGEJDWJY1I_m3r5,2014-09-11,10:55:06,la_moral_3p_random,2,4,4,528
A1RT9SQ9D9DLOV_m3r5,2014-09-11,10:55:30,la_moral_3p_random,2,3,4,529
"A348EDOF2UP527 _m3r5",2014-09-11,10:55:57,la_moral_3p_random,3,2,3,530
A3LGJHPZCD8PQA_m3r5,2014-09-11,10:56:17,la_moral_3p_random,3,5,5,531
A2OL18MGK5LEO7_m3r5,2014-09-11,10:56:52,la_moral_3p_random,1,2,2,532
A1GKLOBYNF70C7_m3r5,2014-09-11,10:56:53,la_moral_3p_random,7,7,7,533
A1DVXQV6GGSQRX_m3r5,2014-09-11,10:57:14,la_moral_3p_random,1,3,3,534
" AR24CTAWN9GI0_m3r5",2014-09-11,10:57:17,la_moral_3p_random,1,2,1,535
A1R2W9OYQQRZTS_m3r5,2014-09-11,10:57:31,la_moral_3p_random,2,5,2,536
A3M5WW7OCUAWX0_m3r5,2014-09-11,10:57:56,la_moral_3p_random,4,4,4,537
A1OP4BATW0TUUG_m3r5,2014-09-11,10:57:57,la_moral_3p_random,2,2,3,538
AILW5LUTC11C9_m3r5,2014-09-11,10:58:02,la_moral_3p_random,2,4,5,539
AS9YQPH511Z94_m3r5,2014-09-11,10:58:23,la_moral_3p_random,2,2,6,540
AFM3QI2ZYSVW7_m3r5,2014-09-11,10:59:17,la_moral_3p_random,3,4,2,541
A34YD9P7KI4RF_m3r5,2014-09-11,10:59:22,la_moral_3p_random,3,4,5,542
A3VQP1UC7BA3YU_m3r5,2014-09-11,10:59:24,la_moral_3p_random,7,7,7,543
A2CR879QNKLWCS_m3r5,2014-09-11,10:59:39,la_moral_3p_random,7,7,7,544
A1H11P4QSM08Y1_m3r5,2014-09-11,11:00:18,la_moral_3p_random,4,5,5,545
A302M81U0HM7RJ_m3r5,2014-09-11,11:01:23,la_moral_3p_random,5,5,7,546
" A37Y5CTJ8HCQER_m3r5",2014-09-11,11:01:35,la_moral_3p_random,5,5,3,547
AMKRYRENIXK2H_m3r5,2014-09-11,11:02:33,la_moral_3p_random,1,6,5,548
A257UIPAZR9NTN_m3r5,2014-09-11,11:02:34,la_moral_3p_random,1,7,7,549
AEF74ZYJTTEIA_m3r5,2014-09-11,11:02:52,la_moral_3p_random,1,3,2,550
A1VJ18RHIN82NA_m3r5,2014-09-11,11:04:07,la_moral_3p_random,5,3,5,551
A3V33XEK4JWVH8_m3r5,2014-09-11,11:04:27,la_moral_3p_random,3,5,5,552
A3OW5EFQ5QFD19_m3r5,2014-09-11,11:04:34,la_moral_3p_random,5,5,6,553
ATM90U6E6YN65_m3r5,2014-09-11,11:05:20,la_moral_3p_random,3,4,4,554
A15WYY7ZKAQQ7R_m3r5,2014-09-11,11:05:22,la_moral_3p_random,4,6,4,555
ABNNSRB6Y5EFR_m3r5,2014-09-11,11:07:12,la_moral_3p_random,6,4,5,556
AI258R8HU53PT_m3r5,2014-09-11,11:08:00,la_moral_3p_random,1,5,1,557
A34SLHI93BBV9E_m3r5,2014-09-11,11:09:23,la_moral_3p_random,3,2,4,558
A2S9O48PW9D2IP_m3r5,2014-09-11,11:11:30,la_moral_3p_random,4,4,5,559
A2MQC8KZ8DOON1_m3r5,2014-09-11,11:12:51,la_moral_3p_random,5,5,6,560
A3TZZADDWD7O1A_m3r5,2014-09-11,11:16:12,la_moral_3p_random,1,2,4,561
A3GTBI5WIB5SC_m3r5,2014-09-11,11:16:23,la_moral_3p_random,3,2,4,562
A26GD7O74RXO5U_m3r5,2014-09-11,11:34:03,la_moral_3p_random,1,2,1,563
A3URSY316O7QKA_m3r5,2014-09-11,11:36:31,la_moral_3p_random,5,6,6,564
ARFV302JOUOF_m3r5,2014-09-11,11:43:46,la_moral_3p_random,4,4,5,565
A25ZADCJI3D5AF_m3r5,2014-09-11,11:58:27,la_moral_3p_random,2,2,1,566
A22CDR7E994ORK_m3r5,2014-09-11,12:05:39,la_moral_3p_random,4,4,2,567
A3HNEYFOIJWPH1_m3r5,2014-09-11,12:30:55,la_moral_3p_random,2,4,3,568
A1I2V4JT86MJKK_m3r5,2014-09-11,12:34:07,la_moral_3p_random,1,2,1,569
AY83IK32UJU9B_m3r5,2014-09-11,12:35:59,la_moral_3p_random,3,3,3,570
A2A9UG936U98KG_m3r5,2014-09-11,12:57:31,la_moral_3p_random,5,2,2,571
A3M9OB97P8CBND_m3r5,2014-09-11,12:58:14,la_moral_3p_random,3,4,3,572
A1JG0SJHUXT1FW_m3r5,2014-09-11,13:00:58,la_moral_3p_random,5,5,6,573
A37ECOJBARCWZP_m3r5,2014-09-11,13:28:14,la_moral_3p_random,1,2,1,574
ARU5SUU4YH3GX_m3r5,2014-09-11,13:32:26,la_moral_3p_random,4,4,4,575
A1YBX7P5PY8LL_m3r5,2014-09-17,17:57:25,la_moral_3p_random,3,3,6,576
A3D8O8CQZICN0F_m3r5,2014-09-17,17:58:00,la_moral_3p_random,6,7,7,577
AKFWAW2AJ5DOQ_m3r5,2014-09-17,17:58:05,la_moral_3p_random,4,5,6,578
ABYPGJU5HRYGE_m3r5,2014-09-17,17:58:51,la_moral_3p_random,1,2,4,579
A1RTGA9KHJ6VS4_m3r5,2014-09-17,17:58:51,la_moral_3p_random,1,6,5,580
A2Q5O64TC9HI8V_m3r5,2014-09-17,17:59:01,la_moral_3p_random,3,3,2,581
ADELW3TS04YY7_m3r5,2014-09-17,17:59:03,la_moral_3p_random,4,3,5,582
A1PMQY9CDRN6VJ_m3r5,2014-09-17,17:59:04,la_moral_3p_random,4,4,3,583
ARTSG66V2MOJ6_m3r5,2014-09-17,17:59:09,la_moral_3p_random,2,3,5,584
A2SJC9VRBGNC58_m3r5,2014-09-17,17:59:16,la_moral_3p_random,2,7,3,585
A23VM3SZWYATBO_m3r5,2014-09-17,17:59:37,la_moral_3p_random,4,7,7,586
A7PX6N3VS02IX_m3r5,2014-09-17,17:59:48,la_moral_3p_random,3,5,3,587
A1QOR6XZKINWNA_m3r5,2014-09-17,17:59:58,la_moral_3p_random,4,3,4,588
ANI295T27XYTO_m3r5,2014-09-17,18:00:03,la_moral_3p_random,3,3,4,589
" A1PNOIIYIW9NYA_m3r5",2014-09-17,18:00:14,la_moral_3p_random,4,4,4,590
ATVNZK7C2VVJD_m3r5,2014-09-17,18:00:22,la_moral_3p_random,1,2,5,591
A3W5CPVTONIGVI_m3r5,2014-09-17,18:00:48,la_moral_3p_random,1,6,3,592
A2SD0FOTS35JYN_m3r5,2014-09-17,18:00:52,la_moral_3p_random,3,2,4,593
A1OVT0PCQPZ2J7_m3r5,2014-09-17,18:01:23,la_moral_3p_random,4,6,3,594
AUJTK82RQURYV_m3r5,2014-09-17,18:01:35,la_moral_3p_random,5,6,5,595
A2ZBDSR2LZNVAE_m3r5,2014-09-17,18:01:47,la_moral_3p_random,2,2,4,596
AJ34WB9Z37ILU_m3r5,2014-09-17,18:01:51,la_moral_3p_random,7,5,6,597
A1G086U25XD2MI_m3r5,2014-09-17,18:02:38,la_moral_3p_random,1,2,6,598
A2WB94D01SHAPH_m3r5,2014-09-17,18:02:49,la_moral_3p_random,3,2,5,599
AFN5VMMGYPF1I_m3r5,2014-09-17,18:03:16,la_moral_3p_random,1,6,7,600
" A20YGFCRNDTD6_m3r5",2014-09-17,18:03:24,la_moral_3p_random,1,3,3,601
A3IJCDUFWJ9XRO_m3r5,2014-09-17,18:03:37,la_moral_3p_random,2,2,6,602
A34WDWM497QFWI_m3r5,2014-09-17,18:04:41,la_moral_3p_random,3,5,5,603
ADOB8J5ANJLQW_m3r5,2014-09-17,18:06:45,la_moral_3p_random,5,5,5,604
A3SMTP08PPXDWA_m3r5,2014-09-17,18:07:32,la_moral_3p_random,3,4,3,605
A39NHCOMRAS4ST_m3r5,2014-09-17,18:07:41,la_moral_3p_random,4,7,4,606
A3MAR4UNYX3FTY_m3r5,2014-09-17,18:07:46,la_moral_3p_random,3,5,1,607
AY67NCS5495PA_m3r5,2014-09-17,18:07:55,la_moral_3p_random,2,2,5,608
A3IHREMSBVMNQT_m3r5,2014-09-17,18:08:01,la_moral_3p_random,2,3,2,609
A3U2PA1GJ3W93Y_m3r5,2014-09-17,18:10:20,la_moral_3p_random,4,0,1,610
ADOB8J5ANJLQW_m3r5,2014-09-17,18:11:19,la_moral_3p_random,5,5,5,611
A22DUZBVW3YDK6_m3r5,2014-09-17,18:12:15,la_moral_3p_random,3,2,2,612
A3GN3Q0B9R5AA_m3r5,2014-09-17,18:14:24,la_moral_3p_random,3,2,3,613
A2WB94D01SHAPH_m3r5,2014-09-17,18:16:06,la_moral_3p_random,3,3,5,614
A3VP27UUQ34OXK_m3r5,2014-09-17,18:19:10,la_moral_3p_random,6,7,6,615
A7W4CJ36FBX0N_m3r5,2014-09-17,18:25:18,la_moral_3p_random,1,7,1,616
A20KPSS5V2KNLT_m3r5,2014-09-17,18:27:55,la_moral_3p_random,5,3,6,617
" A2FZ33IG772RGT_m3r5",2014-09-17,18:28:31,la_moral_3p_random,1,2,2,618
A2GY4KKNZ73T5B_m3r5,2014-09-17,18:44:52,la_moral_3p_random,3,4,2,619
A2NPMC3FH05OSG_m3r5,2014-09-17,18:54:20,la_moral_3p_random,1,4,4,620
AUT7WIA27ENZ9_m3r5,2014-09-17,18:55:06,la_moral_3p_random,3,5,3,621
A3JIQ1USZP66JG_m3r5,2014-09-17,18:55:35,la_moral_3p_random,4,2,3,622
ARFDAABPF0Z5O_m3r5,2014-09-17,18:59:44,la_moral_3p_random,4,6,3,623
A1O7JVT3DJ7I0D_m3r5,2014-09-17,19:04:55,la_moral_3p_random,1,2,1,624
A1GV6JU1NSUD30_m3r5,2014-09-17,19:09:42,la_moral_3p_random,2,3,3,625
A27O2IILV3S5YS_m3r5,2014-09-17,19:23:14,la_moral_3p_random,4,3,3,626
A1RFMKXITDAOCX_m3r5,2014-09-17,20:02:46,la_moral_3p_random,2,5,5,627
A2ECER48S9Y44U_m3r5,2014-09-17,20:02:55,la_moral_3p_random,2,7,3,628
A13UG90T6301VE_m3r5,2014-09-17,20:09:16,la_moral_3p_random,2,3,2,629
" A3LN9BVLOWLYER_m3r5",2014-09-18,10:18:38,la_moral_3p_random,2,2,2,630
AW1SWNQFPIUKF_m3r5,2014-09-18,10:19:16,la_moral_3p_random,6,6,6,631
A3O8U9LRPHC94H_m3r5,2014-09-18,10:19:52,la_moral_3p_random,1,4,3,632
A3RRCLDVNSFS6H_m3r5,2014-09-18,10:19:55,la_moral_3p_random,5,3,5,633
ACXR9CVS59T23_m3r5,2014-09-18,10:20:23,la_moral_3p_random,2,3,4,634
AU7A3QNJF3O00_m3r5,2014-09-18,10:20:33,la_moral_3p_random,4,3,7,635
A1XCQA727LJVL2_m3r5,2014-09-18,10:20:41,la_moral_3p_random,4,5,4,636
A3MFQL7NLSJ4WH_m3r5,2014-09-18,10:20:58,la_moral_3p_random,3,3,3,637
A2H4HYDU6FEAMQ_m3r5,2014-09-18,10:21:04,la_moral_3p_random,4,4,5,638
A3581R6GWGIMJX_m3r5,2014-09-18,10:21:07,la_moral_3p_random,7,4,2,639
ASSLGDY9ZOR2R_m3r5,2014-09-18,10:21:16,la_moral_3p_random,4,3,4,640
A19BMRBO5UAD6H_m3r5,2014-09-18,10:21:20,la_moral_3p_random,3,5,2,641
A1KQWBK5WHCNYQ_m3r5,2014-09-18,10:21:26,la_moral_3p_random,3,3,5,642
A2MS79E5JZLZ0L_m3r5,2014-09-18,10:21:55,la_moral_3p_random,2,0,2,643
A1RTMAOVYQIAG7_m3r5,2014-09-18,10:22:15,la_moral_3p_random,5,4,5,644
A14XY4KSUATVAA_m3r5,2014-09-18,10:22:28,la_moral_3p_random,6,6,5,645
A2RHQDS58PL14K_m3r5,2014-09-18,10:22:30,la_moral_3p_random,3,4,7,646
A1DDPSGI2AH4EO_m3r5,2014-09-18,10:22:53,la_moral_3p_random,2,2,2,647
A3S3NLZV7A06QN_m3r5,2014-09-18,10:22:56,la_moral_3p_random,4,5,3,648
A179FA3NA9FQ47_m3r5,2014-09-18,10:23:02,la_moral_3p_random,3,5,4,649
AFT06UGRPBTEQ_m3r5,2014-09-18,10:23:03,la_moral_3p_random,5,7,7,650
A3FYQFWEULR6QB_m3r5,2014-09-18,10:23:23,la_moral_3p_random,4,5,2,651
A1PT63J40GNSZF_m3r5,2014-09-18,10:23:29,la_moral_3p_random,1,2,1,652
"AFJA6W2RWNQCZ _m3r5",2014-09-18,10:23:47,la_moral_3p_random,3,3,5,653
A2YHGBDEMVIAH0_m3r5,2014-09-18,10:25:02,la_moral_3p_random,2,4,4,654
" A2WZDY9R2GHRXD_m3r5",2014-09-18,10:25:38,la_moral_3p_random,4,5,3,655
A26X054UJOBN6K_m3r5,2014-09-18,10:27:03,la_moral_3p_random,2,3,3,656
ACQVIEH85AI0D_m3r5,2014-09-18,10:27:23,la_moral_3p_random,2,3,5,657
A3OF6X7KVJ4Z99_m3r5,2014-09-18,10:27:27,la_moral_3p_random,6,2,4,658
A1C1LO2UX3NSNT_m3r5,2014-09-18,10:27:44,la_moral_3p_random,3,3,3,659
AT0XOIMR637KW_m3r5,2014-09-18,10:31:17,la_moral_3p_random,3,2,2,660
A2BTJFHP7WQY23_m3r5,2014-09-18,10:31:21,la_moral_3p_random,6,3,2,661
A1KLKBR91IBJC2_m3r5,2014-09-18,10:33:02,la_moral_3p_random,3,3,3,662
A312HYLCQKZVV2_m3r5,2014-09-18,10:35:28,la_moral_3p_random,1,2,3,663
A36470UBRH28GO_m3r5,2014-09-18,10:46:09,la_moral_3p_random,2,2,2,664
A1R1BNSFBG04AV_m3r5,2014-09-18,10:46:23,la_moral_3p_random,2,0,2,665
A8UM292EGKZ14_m3r5,2014-09-18,10:47:25,la_moral_3p_random,7,6,6,666
A334V9Z5AJOK36_m3r5,2014-09-18,10:52:49,la_moral_3p_random,7,4,6,667
A2NV6DVP5UBBT0_m3r5,2014-09-18,11:09:20,la_moral_3p_random,2,5,3,668
AY5O199V9M9O7_m3r5,2014-09-18,11:10:01,la_moral_3p_random,3,4,4,669
AH6RWPAG642L1_m3r5,2014-09-18,11:10:09,la_moral_3p_random,4,4,4,670
AN9MVFWRCF2OP_m3r5,2014-09-18,11:10:26,la_moral_3p_random,5,6,4,671
A14C8SDEDOYPDC_m3r5,2014-09-18,11:10:45,la_moral_3p_random,4,5,6,672
A2RREI7Z5EVR2X_m3r5,2014-09-18,11:10:59,la_moral_3p_random,7,4,7,673
A2V3OLQMISGLWY_m3r5,2014-09-18,11:11:05,la_moral_3p_random,1,2,4,674
A282ZM8UBKT6D4_m3r5,2014-09-18,11:11:07,la_moral_3p_random,4,2,3,675
A1P3I7YCWXF9YG_m3r5,2014-09-18,11:11:12,la_moral_3p_random,7,7,7,676
A2PSBSDIFZYXW_m3r5,2014-09-18,11:11:23,la_moral_3p_random,5,4,3,677
ADIRMBJQ77E61_m3r5,2014-09-18,11:11:24,la_moral_3p_random,2,2,3,678
A3E08GRFJJAT2S_m3r5,2014-09-18,11:11:29,la_moral_3p_random,1,2,2,679
A19983YGO0MKCS_m3r5,2014-09-18,11:11:38,la_moral_3p_random,5,3,6,680
A1BM57TUNAQIXM_m3r5,2014-09-18,11:11:45,la_moral_3p_random,6,6,5,681
A1WJC9VETYJYHP_m3r5,2014-09-18,11:11:46,la_moral_3p_random,7,7,7,682
A22J1U3RTB7TG4_m3r5,2014-09-18,11:12:08,la_moral_3p_random,3,3,4,683
A1G69P73SBVUR4_m3r5,2014-09-18,11:12:09,la_moral_3p_random,5,3,3,684
ACY1SGG0PND8W_m3r5,2014-09-18,11:12:10,la_moral_3p_random,3,4,4,685
A37HUVPAJTNSGT_m3r5,2014-09-18,11:12:27,la_moral_3p_random,6,5,5,686
A3PB2SW241TJ89_m3r5,2014-09-18,11:12:40,la_moral_3p_random,1,2,2,687
A1QOPE5YZYWKHE_m3r5,2014-09-18,11:12:46,la_moral_3p_random,1,3,5,688
A2C8RZO1ETWRVQ_m3r5,2014-09-18,11:12:46,la_moral_3p_random,4,4,4,689
A2EY0R9GUHBNQX_m3r5,2014-09-18,11:12:48,la_moral_3p_random,4,4,4,690
A221FSWO28B4YF_m3r5,2014-09-18,11:12:59,la_moral_3p_random,4,5,4,691
A33KIELSFIQ02Q_m3r5,2014-09-18,11:13:07,la_moral_3p_random,2,2,3,692
A2OGWB5LE6RHNA_m3r5,2014-09-18,11:13:30,la_moral_3p_random,4,5,4,693
A1GHCVQ5XWM3JL_m3r5,2014-09-18,11:13:31,la_moral_3p_random,5,2,5,694
" A30KE8N63FZIZ0_m3r5",2014-09-18,11:13:52,la_moral_3p_random,4,4,7,695
ARIQH18DLS4LC_m3r5,2014-09-18,11:14:18,la_moral_3p_random,4,4,7,696
A1G24OXMQ5V06Z_m3r5,2014-09-18,11:14:30,la_moral_3p_random,2,2,4,697
A2EUMXCQHCP25R_m3r5,2014-09-18,11:15:01,la_moral_3p_random,1,2,4,698
A3SO41LNYREVAB_m3r5,2014-09-18,11:15:30,la_moral_3p_random,2,6,2,699
A2EB76NMY2NHUS_m3r5,2014-09-18,11:15:49,la_moral_3p_random,2,2,3,700
A49J8YAFS8J7I_m3r5,2014-09-18,11:17:25,la_moral_3p_random,2,0,2,701
A3IXDTIS3GTW8K_m3r5,2014-09-18,11:19:47,la_moral_3p_random,5,7,5,702
A34AC73I1RITRZ_m3r5,2014-09-18,11:20:06,la_moral_3p_random,3,2,2,703
A1PAY3X73PQ16S_m3r5,2014-09-18,11:20:10,la_moral_3p_random,3,7,7,704
A3F0NFNLOLFJT0_m3r5,2014-09-18,11:22:34,la_moral_3p_random,4,2,2,705
A3V6M08G06MRK2_m3r5,2014-09-18,11:22:58,la_moral_3p_random,4,5,7,706
A1U7AAKEZ4YXZD_m3r5,2014-09-18,11:25:50,la_moral_3p_random,5,4,6,707
A39Q6EA421OBQE_m3r5,2014-09-18,11:27:27,la_moral_3p_random,3,6,5,708
A2HKPK07PSOPT3_m3r5,2014-09-18,11:27:32,la_moral_3p_random,1,4,7,709
A36ARDS62APRSL_m3r5,2014-09-18,11:27:36,la_moral_3p_random,1,2,7,710
AI9QOT5C5DN1P_m3r5,2014-09-18,11:28:22,la_moral_3p_random,2,3,4,711
A2MCG5W6LHSRG9_m3r5,2014-09-18,11:30:00,la_moral_3p_random,2,5,3,712
AVVZTRF9H0XHH_m3r5,2014-09-18,11:34:32,la_moral_3p_random,1,2,1,713
A33T498R0KXWAJ_m3r5,2014-09-18,11:36:15,la_moral_3p_random,3,4,5,714
AIY2D7A7DP4V3_m3r5,2014-09-18,11:36:31,la_moral_3p_random,7,7,5,715
A4PA5EW33W7J4_m3r5,2014-09-18,11:39:15,la_moral_3p_random,4,5,5,716
A1ODGBU73JE8S_m3r5,2014-09-18,11:45:12,la_moral_3p_random,4,3,5,717
A2EI075XZT9Y2S_m3r5,2014-09-18,11:50:34,la_moral_3p_random,5,7,5,718
AKX5RHHO8BIUX_m3r5,2014-09-18,11:51:47,la_moral_3p_random,7,5,7,719
AH6PQTU8QFO8U_m3r5,2014-09-18,11:52:28,la_moral_3p_random,6,6,4,720
A3BO90D83RV06T_m3r5,2014-09-18,11:53:59,la_moral_3p_random,3,4,6,721
AEODWC300ZWZQ_m3r5,2014-09-18,11:57:49,la_moral_3p_random,1,2,2,722
A2HQHBR7Z4AI56_m3r5,2014-09-18,11:57:52,la_moral_3p_random,5,5,6,723
AN6WT1D6EQ8V5_m3r5,2014-09-18,12:04:06,la_moral_3p_random,4,3,5,724
AOPP2V6ALNOE0_m3r5,2014-09-18,12:04:30,la_moral_3p_random,3,6,5,725
A8TCR99262PGK_m3r5,2014-09-18,12:29:02,la_moral_3p_random,7,7,7,726
A1DCGB72N1UIPT_m3r5,2014-09-18,12:30:28,la_moral_3p_random,2,2,2,727
A2CC4DS7MD6QW_m3r5,2014-09-18,12:43:10,la_moral_3p_random,5,5,5,728
A2Q9V1TT4KDG4Q_m3r5,2014-09-18,12:45:23,la_moral_3p_random,3,3,4,729
A2NDWGAZE6PBQA_m3r5,2014-09-18,15:01:58,la_moral_3p_random,1,7,7,730
