subject,datestamp,timestamp,version,god,soc,fis,age,sex,edu,par,exd,id
A10YQTSBFQPKS3_m3r5,2014-08-19,17:00:41,lossave_moral,7,5,5,47,Male,"Master's Degree",147423,undefined,587
A2SNURWB6B2NXH_m3r5,2014-08-19,17:01:39,lossave_moral,2,3,4,21,Male,"Some College",168712,undefined,588
A2NI99CLB8OQ1X_m3r5,2014-08-19,17:01:56,lossave_moral,3,2,2,22,Femal,"Some College",143240,undefined,589
A3F23C3ABMM0W0_m3r5,2014-08-19,17:02:04,lossave_moral,2,3,5,29,Male,"Bachelor's Degree",182009,undefined,590
A1M03U3W99BGZ4_m3r5,2014-08-19,17:02:34,lossave_moral,1,3,5,21,Male,"Some College",152984,undefined,591
A1LMGLI5F2ZT4W_m3r5,2014-08-19,17:03:03,lossave_moral,7,5,4,30,Male,"Bachelor's Degree",209787,undefined,592
ARNVB51ESK8MO_m3r5,2014-08-19,17:03:14,lossave_moral,4,3,4,25,Femal,"Some College",154080,undefined,593
AABSPWSANUQZJ_m3r5,2014-08-19,17:03:18,lossave_moral,1,2,2,29,Male,"Bachelor's Degree",222408,undefined,594
A38K3QQPV8CTPC_m3r5,2014-08-19,17:03:24,lossave_moral,5,6,6,23,Femal,"Bachelor's Degree",144820,undefined,595
A3N8JP3QR3VPE8_m3r5,2014-08-19,17:03:40,lossave_moral,3,2,3,49,Femal,"Bachelor's Degree",251647,undefined,596
A3SV1YMFKY73IB_m3r5,2014-08-19,17:03:58,lossave_moral,7,5,5,30,Male,"Some College",232367,undefined,597
A318QP0E1HS9DX_m3r5,2014-08-19,17:04:27,lossave_moral,5,3,3,31,Male,"High School Graduate",259073,undefined,598
AWKM2C49JSGYK_m3r5,2014-08-19,17:04:58,lossave_moral,4,2,2,20,Femal,"Bachelor's Degree",290991,undefined,599
ADMTRXEG43HU0_m3r5,2014-08-19,17:05:10,lossave_moral,1,1,1,52,Femal,"Some College",239425,undefined,600
A3IJDYRFNW4QY8_m3r5,2014-08-19,17:05:31,lossave_moral,1,1,3,20,Femal,"Some College",210846,undefined,601
A3E6KX1ULZAWWO_m3r5,2014-08-19,17:05:33,lossave_moral,4,3,3,23,Male,"Some College",277888,undefined,602
A1Q9NMVO8HTX8H_m3r5,2014-08-19,17:05:33,lossave_moral,6,3,3,19,Male,"Some College",361168,undefined,603
A10ATSOWHLJ98L_m3r5,2014-08-19,17:05:40,lossave_moral,1,2,6,26,Femal,"Master's Degree",139935,undefined,604
AO3XB5I5QNNUI_m3r5,2014-08-19,17:05:52,lossave_moral,7,2,3,61,Femal,"High School Graduate",161572,undefined,605
A37LY5UTJV2KYZ_m3r5,2014-08-19,17:05:58,lossave_moral,4,3,5,22,Male,"Bachelor's Degree",230489,undefined,606
A1Y3PGC0UILVJJ_m3r5,2014-08-19,17:06:01,lossave_moral,6,2,2,35,Male,"Some College",228400,undefined,607
A2ZK1HOZ37TN2K_m3r5,2014-08-19,17:06:02,lossave_moral,1,3,3,21,Male,"Some College",222539,undefined,608
AQ36OBO2GRA00_m3r5,2014-08-19,17:06:08,lossave_moral,2,1,2,37,Femal,"Bachelor's Degree",173703,undefined,609
A2CWJRAEFZ44HU_m3r5,2014-08-19,17:06:28,lossave_moral,7,1,1,30,Male,"Some College",201560,undefined,610
A2HXSWSLIESQY7_m3r5,2014-08-19,17:06:50,lossave_moral,1,2,2,26,Male,"Some College",320767,undefined,611
A1OU0NJL1UTDJ7_m3r5,2014-08-19,17:06:50,lossave_moral,4,2,2,23,Femal,"Bachelor's Degree",241528,undefined,612
A14PMN35FK9SOD_m3r5,2014-08-19,17:07:03,lossave_moral,1,2,2,39,Femal,"High School Graduate",268709,undefined,613
A1DK4S6CPLH396_m3r5,2014-08-19,17:07:08,lossave_moral,1,1,4,18,Male,"Some College",360105,undefined,614
A2VCNB4XETPOT2_m3r5,2014-08-19,17:07:19,lossave_moral,7,5,6,34,Femal,"Master's Degree",169507,undefined,615
A3USS4O0RQZ37K_m3r5,2014-08-19,17:07:19,lossave_moral,1,2,3,39,Femal,"Master's Degree",234601,undefined,616
AX1I9MBLJDKGA_m3r5,2014-08-19,17:07:21,lossave_moral,2,3,3,29,Male,"Some College",357666,undefined,617
A12UCN4XSJISMC_m3r5,2014-08-19,17:07:28,lossave_moral,1,3,7,40,Femal,"Bachelor's Degree",224381,undefined,618
A15K0L6NGQXOM0_m3r5,2014-08-19,17:07:29,lossave_moral,2,2,5,35,Femal,"Bachelor's Degree",191529,undefined,619
A35RGUQZRI1Q3M_m3r5,2014-08-19,17:07:31,lossave_moral,1,2,2,19,Femal,"High School Graduate",284557,undefined,620
AQ2INPVVXR1G0_m3r5,2014-08-19,17:07:37,lossave_moral,7,1,1,33,Femal,"Bachelor's Degree",261191,undefined,621
A23O7BIKKPOZ2L_m3r5,2014-08-19,17:07:38,lossave_moral,2,2,2,22,Male,"Some College",388303,undefined,622
A2RWYKSCTPWP1A_m3r5,2014-08-19,17:07:44,lossave_moral,4,2,2,22,Femal,"Some College",264438,undefined,623
AFS9PAUCGVKHG_m3r5,2014-08-19,17:07:57,lossave_moral,1,2,1,48,Male,"Some College",336949,undefined,624
A2FY93E2VMYOVT_m3r5,2014-08-19,17:07:57,lossave_moral,2,2,3,23,Male,"Bachelor's Degree",134415,undefined,625
A1WCAXCHWZPTFQ_m3r5,2014-08-19,17:08:13,lossave_moral,1,2,2,24,Femal,"Some College",247431,undefined,626
A9QJ4L8XYDGUM_m3r5,2014-08-19,17:08:38,lossave_moral,1,2,2,26,Femal,"Bachelor's Degree",258590,undefined,627
A2N4DD7IS7EI2D_m3r5,2014-08-19,17:08:54,lossave_moral,1,4,4,24,Male,"High School Graduate",313297,undefined,628
A2NQT50GA2G1B0_m3r5,2014-08-19,17:08:56,lossave_moral,4,5,4,33,Male,"High School Graduate",268632,undefined,629
A1W642DZKSARRI_m3r5,2014-08-19,17:09:01,lossave_moral,7,2,2,30,Femal,"Bachelor's Degree",209424,undefined,630
A3GUDRDPMAPBKD_m3r5,2014-08-19,17:09:09,lossave_moral,7,3,5,35,Male,"Bachelor's Degree",300853,undefined,631
AMS2DNBF8BGUM_m3r5,2014-08-19,17:09:11,lossave_moral,1,2,4,23,Femal,"Bachelor's Degree",176196,undefined,632
A4CWPB6SOQZDE_m3r5,2014-08-19,17:09:17,lossave_moral,7,6,5,24,Femal,"Bachelor's Degree",252927,undefined,633
AVZOC3OGBQRX2_m3r5,2014-08-19,17:09:21,lossave_moral,1,1,2,33,Femal,"Master's Degree",415323,undefined,634
A173MXK429XAZQ_m3r5,2014-08-19,17:09:39,lossave_moral,7,4,5,29,Femal,"Bachelor's Degree",196233,undefined,635
" A2NFQGUAW8A3KK_m3r5",2014-08-19,17:09:48,lossave_moral,7,1,7,20,Male,"Some College",263271,undefined,636
A13XNKKN2LI6DF_m3r5,2014-08-19,17:10:01,lossave_moral,7,3,3,39,Male,"Bachelor's Degree",235011,undefined,637
ATATCYCP7QBQ9_m3r5,2014-08-19,17:10:11,lossave_moral,7,6,6,47,Femal,"Some College",415318,undefined,638
A3TUN250T19AUM_m3r5,2014-08-19,17:10:15,lossave_moral,1,1,2,29,Femal,"Some College",279755,undefined,639
A2AFTOA85C1FM9_m3r5,2014-08-19,17:10:20,lossave_moral,7,1,1,32,Femal,"High School Graduate",204750,undefined,640
A1F8MOWCCVDIH2_m3r5,2014-08-19,17:10:28,lossave_moral,1,1,4,46,Femal,"Master's Degree",313516,undefined,641
A2551EKB87S2XY_m3r5,2014-08-19,17:10:34,lossave_moral,5,2,2,35,Male,"Bachelor's Degree",423112,undefined,642
A3PNHCZVCBIEJ1_m3r5,2014-08-19,17:10:46,lossave_moral,3,3,5,29,Male,"Bachelor's Degree",182813,undefined,643
ATS4LL42S463Z_m3r5,2014-08-19,17:11:05,lossave_moral,7,6,5,27,Femal,"Graduate Degree",375036,undefined,644
ATHS9GUME1XCA_m3r5,2014-08-19,17:11:10,lossave_moral,7,5,5,49,Male,"Some High School",209796,undefined,645
A2H6XG5MS1WFFR_m3r5,2014-08-19,17:11:12,lossave_moral,1,1,1,27,Male,"Bachelor's Degree",182763,undefined,646
A389GJDJ0ARZTO_m3r5,2014-08-19,17:11:16,lossave_moral,5,5,5,43,Male,"Some College",94236,undefined,647
A376N72I8BEE46_m3r5,2014-08-19,17:11:31,lossave_moral,1,3,4,37,Male,"Master's Degree",489209,undefined,648
A17TJCEP04BEZ4_m3r5,2014-08-19,17:11:34,lossave_moral,4,4,5,64,Femal,"Some High School",368477,undefined,649
A1G187YBG0DVMQ_m3r5,2014-08-19,17:11:40,lossave_moral,5,4,5,22,Male,"Bachelor's Degree",142117,undefined,650
AFB9N61OMZXCX_m3r5,2014-08-19,17:11:45,lossave_moral,1,2,4,31,Femal,"High School Graduate",230643,undefined,651
A3K78FG696O9KL_m3r5,2014-08-19,17:11:54,lossave_moral,1,2,3,28,Femal,"Master's Degree",336190,undefined,652
A34ZSF2JSRXIRP_m3r5,2014-08-19,17:12:14,lossave_moral,1,2,2,32,Femal,"Bachelor's Degree",328667,undefined,653
A3TON7406KNOVV_m3r5,2014-08-19,17:12:21,lossave_moral,1,1,2,26,Male,"Bachelor's Degree",453819,undefined,654
A3HQXCWOIQKT4F_m3r5,2014-08-19,17:12:30,lossave_moral,1,2,2,25,Male,"Bachelor's Degree",336991,undefined,655
A1DJDT4B5B19Q2_m3r5,2014-08-19,17:12:38,lossave_moral,4,6,6,38,Femal,"Bachelor's Degree",234920,undefined,656
A1ZKLXSO7XLNZM_m3r5,2014-08-19,17:12:39,lossave_moral,7,1,4,33,Femal,"High School Graduate",206374,undefined,657
ALK4VP6TPCBUV_m3r5,2014-08-19,17:12:42,lossave_moral,1,3,4,27,Femal,"Some College",219133,undefined,658
ACTF0A4SXCOJB_m3r5,2014-08-19,17:12:46,lossave_moral,1,3,4,33,Male,"Some College",269250,undefined,659
" A3Q641Z2VDJ9W1_m3r5",2014-08-19,17:12:56,lossave_moral,6,4,4,25,Male,"Bachelor's Degree",387207,undefined,660
ARVXIBUCA8WDZ_m3r5,2014-08-19,17:12:57,lossave_moral,1,3,4,28,Male,"High School Graduate",348772,undefined,661
A39IR8O68MS8OL_m3r5,2014-08-19,17:13:10,lossave_moral,2,2,5,27,Femal,"Some College",349117,undefined,662
A041360625EP76Q4XEVR4_m3r5,2014-08-19,17:13:12,lossave_moral,1,1,2,26,Femal,"Bachelor's Degree",273646,undefined,663
A1Y8279NEP16J7_m3r5,2014-08-19,17:13:17,lossave_moral,3,3,4,32,Male,"Master's Degree",215584,undefined,664
A25G79VS6OQCHW_m3r5,2014-08-19,17:13:20,lossave_moral,1,1,1,32,Femal,"Some College",328918,undefined,665
A11TVJYOUI2U25_m3r5,2014-08-19,17:13:28,lossave_moral,7,4,4,21,Femal,"Some College",617534,undefined,666
A3OPSGM3T0DIZ7_m3r5,2014-08-19,17:13:33,lossave_moral,5,2,5,19,Femal,"High School Graduate",483060,undefined,667
A1AQI9O8MNVL91_m3r5,2014-08-19,17:13:34,lossave_moral,2,2,2,19,Male,"Some College",306865,undefined,668
A1FY9O940O9KU6_m3r5,2014-08-19,17:13:38,lossave_moral,4,3,3,19,Male,"High School Graduate",308998,undefined,669
" A1IZ4NX41GKU4X_m3r5",2014-08-19,17:13:39,lossave_moral,4,4,4,25,Male,"Bachelor's Degree",416456,undefined,670
A35OGKV242IJ78_m3r5,2014-08-19,17:13:45,lossave_moral,7,5,5,36,Male,"Some College",291537,undefined,671
A150GMV1YQWWB3_m3r5,2014-08-19,17:13:48,lossave_moral,2,3,5,35,Male,"High School Graduate",552565,undefined,672
A10V3PXHLR4VRM_m3r5,2014-08-19,17:14:08,lossave_moral,7,7,7,32,Femal,"Bachelor's Degree",233707,undefined,673
"       A1922YIUI5MMUP_m3r5",2014-08-19,17:14:34,lossave_moral,7,1,1,60,Femal,"Bachelor's Degree",245241,undefined,674
A2ZE2IPHK152KA_m3r5,2014-08-19,17:14:36,lossave_moral,4,3,3,26,Femal,"Some College",197304,undefined,675
A13Q8W0MU2Q928_m3r5,2014-08-19,17:14:37,lossave_moral,7,7,7,50,Femal,"Master's Degree",720021,undefined,676
A1MIEWVNQ9ZOWW_m3r5,2014-08-19,17:14:45,lossave_moral,1,4,4,28,Femal,"Some College",297627,undefined,677
A2WH5WTM85ZF7G_m3r5,2014-08-19,17:15:00,lossave_moral,7,3,4,41,Femal,"Some College",232949,undefined,678
A1BUZHBNG7S152_m3r5,2014-08-19,17:15:06,lossave_moral,5,5,4,84,Femal,"Some College",292076,undefined,679
A2QQFGD7K7AHK8_m3r5,2014-08-19,17:15:15,lossave_moral,1,1,1,26,Male,"Bachelor's Degree",178504,undefined,680
A22JDX98OTND6F_m3r5,2014-08-19,17:15:16,lossave_moral,1,3,2,24,Male,"Some College",701416,undefined,681
A2OF53SX9BQ7RO_m3r5,2014-08-19,17:15:24,lossave_moral,5,4,5,38,Male,"Some College",408923,undefined,682
AKB1IT758U2LU_m3r5,2014-08-19,17:15:31,lossave_moral,7,4,4,22,Male,"Some College",165881,undefined,683
A37EC6JJ8SSJ2J_m3r5,2014-08-19,17:15:34,lossave_moral,7,7,7,39,Male,"Some College",547976,undefined,684
A6IFGLL1RUCZU_m3r5,2014-08-19,17:15:45,lossave_moral,5,4,4,31,Femal,"Bachelor's Degree",274962,undefined,685
AU0NZI2T3R792_m3r5,2014-08-19,17:15:52,lossave_moral,4,2,2,40,Male,"Bachelor's Degree",181650,undefined,686
A2FMIQ8I86GWVQ_m3r5,2014-08-19,17:16:26,lossave_moral,5,3,4,35,Male,"Bachelor's Degree",328572,undefined,687
A2Y0ZGI29KQBTB_m3r5,2014-08-19,17:16:30,lossave_moral,1,3,3,26,Male,"Bachelor's Degree",972829,undefined,688
A2IFAPS9K2J2QC_m3r5,2014-08-19,17:16:41,lossave_moral,6,3,6,34,Femal,"Bachelor's Degree",206103,undefined,689
A3LMBD00DY11MJ_m3r5,2014-08-19,17:16:52,lossave_moral,7,1,1,61,Femal,"Bachelor's Degree",477962,undefined,690
A1IOJ2LGMGISYM_m3r5,2014-08-19,17:16:52,lossave_moral,1,1,1,26,Femal,"Some College",255700,undefined,691
AXPJ220BBN3MU_m3r5,2014-08-19,17:16:53,lossave_moral,1,4,4,33,Femal,"High School Graduate",244283,undefined,692
A1SIJ3BJFDZ8CU_m3r5,2014-08-19,17:16:59,lossave_moral,1,2,2,36,Femal,"Some College",208765,undefined,693
A1JT8X72RBC8S5_m3r5,2014-08-19,17:17:07,lossave_moral,4,2,2,24,Male,"Master's Degree",509636,undefined,694
A3GWGTLQNHVQ2M_m3r5,2014-08-19,17:17:12,lossave_moral,3,1,1,33,Femal,"Bachelor's Degree",171972,undefined,695
AISWQM71RW9A2_m3r5,2014-08-19,17:17:21,lossave_moral,3,3,4,33,Male,"Bachelor's Degree",344452,undefined,696
A1FZJ3S9CN8Z7T_m3r5,2014-08-19,17:17:41,lossave_moral,4,5,4,24,Male,"Some College",562244,undefined,697
A32VJLRWGMYGSU_m3r5,2014-08-19,17:17:44,lossave_moral,1,1,1,60,Femal,"Bachelor's Degree",554047,undefined,698
A1CUIN1FSZCM50_m3r5,2014-08-19,17:17:45,lossave_moral,7,1,3,56,Femal,"Some College",241394,undefined,699
A3CLS3ZSAIOAHC_m3r5,2014-08-19,17:17:56,lossave_moral,7,5,5,49,Male,"Some College",375187,undefined,700
ATDFF5B4NKQC7_m3r5,2014-08-19,17:18:01,lossave_moral,1,4,2,68,Femal,"High School Graduate",265344,undefined,701
A1KISETSF4J3FI_m3r5,2014-08-19,17:18:19,lossave_moral,2,2,5,22,Femal,"Bachelor's Degree",393201,undefined,702
A2XTUQ4CD1LF2K_m3r5,2014-08-19,17:18:23,lossave_moral,7,1,5,70,Male,"Some College",287203,undefined,703
A3J55BJGV95JKH_m3r5,2014-08-19,17:18:50,lossave_moral,7,2,3,40,Femal,"Some College",277232,undefined,704
A1F0VPCA2QEVKZ_m3r5,2014-08-19,17:18:53,lossave_moral,7,4,4,30,Male,"Some College",435695,undefined,705
A3938KLA9ORH2U_m3r5,2014-08-19,17:19:00,lossave_moral,6,3,5,31,Femal,"Bachelor's Degree",290923,undefined,706
A1H198MRIM37T1_m3r5,2014-08-19,17:19:10,lossave_moral,7,6,6,38,Male,"Bachelor's Degree",202280,undefined,707
A2B5HZBQ6C3J3L_m3r5,2014-08-19,17:19:16,lossave_moral,1,2,3,28,Male,"Bachelor's Degree",606158,undefined,708
A1EPR9V3VID3RI_m3r5,2014-08-19,17:19:21,lossave_moral,4,4,4,24,Male,"Some College",245864,undefined,709
AVPKE76DJLWK6_m3r5,2014-08-19,17:19:29,lossave_moral,1,1,3,30,Male,"Bachelor's Degree",101430,undefined,710
A2KPT0PEUEXCC4_m3r5,2014-08-19,17:19:34,lossave_moral,5,6,6,39,Male,"High School Graduate",237178,undefined,711
AQHYHAYS90S76_m3r5,2014-08-19,17:19:39,lossave_moral,6,4,4,23,Femal,"Bachelor's Degree",252883,undefined,712
A2M2BNQ1XW3J4Y_m3r5,2014-08-19,17:19:49,lossave_moral,2,3,4,36,Male,"Bachelor's Degree",241084,undefined,713
A3JTR8H8X5WF11_m3r5,2014-08-19,17:20:29,lossave_moral,2,2,4,26,Femal,"Graduate Degree",373203,undefined,714
A2X7J4C6MIXVDB_m3r5,2014-08-19,17:20:53,lossave_moral,7,7,7,52,Male,"Bachelor's Degree",185480,undefined,715
A2WDTJBM4ES5S4_m3r5,2014-08-19,17:21:02,lossave_moral,7,5,6,50,Femal,"Master's Degree",445561,undefined,716
A2GZI3UFOTY969_m3r5,2014-08-19,17:21:08,lossave_moral,4,2,2,25,Femal,"Some College",359056,undefined,717
A2P6VK1US8OTC5_m3r5,2014-08-19,17:21:15,lossave_moral,1,4,4,44,Femal,"High School Graduate",370238,undefined,718
A3RU7ANMLXJQF6_m3r5,2014-08-19,17:21:29,lossave_moral,7,4,4,23,Femal,"Some College",112029,undefined,719
A21EPR8KW0GWX2_m3r5,2014-08-19,17:21:31,lossave_moral,1,1,6,29,Femal,"Some College",275723,undefined,720
AT9AFUEEYD8DE_m3r5,2014-08-19,17:21:32,lossave_moral,7,4,4,30,Femal,"Some College",641033,undefined,721
A2OLVF6P86QSQJ_m3r5,2014-08-19,17:21:40,lossave_moral,1,1,1,29,Male,"Master's Degree",133303,undefined,722
A35UUN98XNQJJS_m3r5,2014-08-19,17:22:10,lossave_moral,4,5,2,36,Male,"Some College",429047,undefined,723
A1H3TNUIQS76TM_m3r5,2014-08-19,17:22:10,lossave_moral,7,5,6,31,Male,"High School Graduate",245961,undefined,724
A3U3JYF64SJ4EJ_m3r5,2014-08-19,17:22:15,lossave_moral,2,1,2,58,Femal,"Bachelor's Degree",603506,undefined,725
AKG7VBOY97HKA_m3r5,2014-08-19,17:22:15,lossave_moral,7,7,7,67,Femal,"High School Graduate",353336,undefined,726
A16GYJ4ZNAJ1FE_m3r5,2014-08-19,17:22:21,lossave_moral,1,4,4,25,Male,"Some College",230942,undefined,727
AB1X97ASE626Q_m3r5,2014-08-19,17:22:53,lossave_moral,1,1,1,34,Male,"Some College",306863,undefined,728
A3R75ZHD4610J_m3r5,2014-08-19,17:23:01,lossave_moral,2,1,3,21,Femal,"Some College",270440,undefined,729
A3AZJGI9D7C0PD_m3r5,2014-08-19,17:23:09,lossave_moral,7,7,7,34,Femal,"Bachelor's Degree",237570,undefined,730
A1XR97XSHB17AB_m3r5,2014-08-19,17:23:15,lossave_moral,5,4,5,38,Male,"High School Graduate",289579,undefined,731
A1LO480CZXGR32_m3r5,2014-08-19,17:23:16,lossave_moral,7,5,6,34,Femal,"Master's Degree",258248,undefined,732
A3DAXQCWF0YI0M_m3r5,2014-08-19,17:23:17,lossave_moral,1,2,2,47,Femal,"Some College",247965,undefined,733
A8ZJ0R59VBVMC_m3r5,2014-08-19,17:23:18,lossave_moral,1,3,4,32,Femal,"Bachelor's Degree",307908,undefined,734
" ASUN9TWBTBRCY_m3r5",2014-08-19,17:23:25,lossave_moral,1,2,4,33,Femal,"Some College",337346,undefined,735
A6GK3W5MDWXCY_m3r5,2014-08-19,17:23:27,lossave_moral,1,5,5,46,Femal,"Bachelor's Degree",216906,undefined,736
A2EP2TI8HE8EGK_m3r5,2014-08-19,17:23:32,lossave_moral,6,3,4,26,Femal,"Master's Degree",223559,undefined,737
A4N6HMS8AW9ZB_m3r5,2014-08-19,17:23:33,lossave_moral,6,3,3,25,Male,"Middle School",263770,undefined,738
A2FRFMTVRHBF53_m3r5,2014-08-19,17:23:48,lossave_moral,7,4,5,52,Femal,"Some College",255094,undefined,739
" A37FQI6S9XARBT_m3r5",2014-08-19,17:23:50,lossave_moral,7,6,3,31,Femal,"Bachelor's Degree",237627,undefined,740
A3H4B9BMSFGXWG_m3r5,2014-08-19,17:23:54,lossave_moral,5,3,4,35,Male,"High School Graduate",355658,undefined,741
AAS0V105QISPM_m3r5,2014-08-19,17:23:58,lossave_moral,6,6,6,31,Femal,"Some College",284834,undefined,742
A1KOHXO0BIQB8T_m3r5,2014-08-19,17:24:38,lossave_moral,6,5,6,61,Male,"High School Graduate",202644,undefined,743
A14WLAP6TCEKO0_m3r5,2014-08-19,17:24:39,lossave_moral,1,2,2,30,Male,"Bachelor's Degree",170031,undefined,744
A2L73JKDFWI0KJ_m3r5,2014-08-19,17:24:41,lossave_moral,0,0,0,56,Femal,"Some College",287670,undefined,745
AY1CM9ZI774II_m3r5,2014-08-19,17:24:50,lossave_moral,4,2,7,31,Male,"High School Graduate",250193,undefined,746
A18DKL63PB77JH_m3r5,2014-08-19,17:24:52,lossave_moral,1,2,2,29,Femal,"Some College",157254,undefined,747
A1T9ZEA4PGLHYD_m3r5,2014-08-19,17:25:07,lossave_moral,7,5,4,27,Male,"Bachelor's Degree",555647,undefined,748
ARN53ET0LBBBP_m3r5,2014-08-19,17:25:13,lossave_moral,1,3,3,19,Femal,"Some College",282103,undefined,749
AVIOR20K5ZXQD_m3r5,2014-08-19,17:25:13,lossave_moral,1,2,2,23,Femal,"Bachelor's Degree",171967,undefined,750
A1OW8OJ9OIY182_m3r5,2014-08-19,17:25:19,lossave_moral,5,2,3,40,Femal,"Bachelor's Degree",166043,undefined,751
A1QMSDPJMMIO0T_m3r5,2014-08-19,17:25:22,lossave_moral,1,5,5,32,Male,"High School Graduate",257713,undefined,752
A1QCJ8KX7WWY1B_m3r5,2014-08-19,17:25:23,lossave_moral,7,4,4,19,Male,"Some College",454983,undefined,753
A3AQYGTOA6MFL8_m3r5,2014-08-19,17:25:29,lossave_moral,2,1,1,33,Femal,"Master's Degree",211234,undefined,754
A3675LEANIPGBO_m3r5,2014-08-19,17:25:58,lossave_moral,1,1,4,38,Male,"Some College",216393,undefined,755
A1K6T4BCZASC50_m3r5,2014-08-19,17:26:03,lossave_moral,6,3,3,26,Male,"Some College",214255,undefined,756
A2NZ7RMSBXESNI_m3r5,2014-08-19,17:26:04,lossave_moral,4,4,5,59,Femal,"Some College",1327881,undefined,757
A32MGSAQ6QL9CK_m3r5,2014-08-19,17:26:17,lossave_moral,1,1,1,29,Femal,"Master's Degree",212762,undefined,758
A315IS7QIVORIT_m3r5,2014-08-19,17:26:23,lossave_moral,7,5,6,38,Male,"Some College",259340,undefined,759
A3QLTVQPG1N27R_m3r5,2014-08-19,17:26:26,lossave_moral,5,4,4,26,Male,"High School Graduate",322174,undefined,760
A17BQ2QRW1V9AO_m3r5,2014-08-19,17:26:34,lossave_moral,4,4,4,38,Male,"High School Graduate",184450,undefined,761
A5ZWYI3H052FT_m3r5,2014-08-19,17:26:38,lossave_moral,7,2,2,46,Femal,"Some College",232531,undefined,762
A269Z70PE47Z5X_m3r5,2014-08-19,17:26:38,lossave_moral,2,3,2,34,Femal,"Bachelor's Degree",714303,undefined,763
A22KRF782ELLB0_m3r5,2014-08-19,17:26:46,lossave_moral,4,1,2,32,Male,"Bachelor's Degree",216926,undefined,764
A1PIJKC3FM7B60_m3r5,2014-08-19,17:27:03,lossave_moral,7,4,4,52,Femal,"Some College",401744,undefined,765
A33AZCOKCCTUXV_m3r5,2014-08-19,17:27:13,lossave_moral,1,2,2,34,Male,"Some College",272321,undefined,766
A2MQXFHQABHJ8E_m3r5,2014-08-19,17:27:17,lossave_moral,6,4,7,24,Femal,"Some College",196909,undefined,767
A3MFS69UTW9KL8_m3r5,2014-08-19,17:27:19,lossave_moral,3,2,4,31,Male,"High School Graduate",673779,undefined,768
A35BNQU01DFD0D_m3r5,2014-08-19,17:27:37,lossave_moral,1,4,4,22,Male,"Some College",190412,undefined,769
A1GDDULNGBI1P9_m3r5,2014-08-19,17:27:43,lossave_moral,4,3,3,21,Male,"Some College",251893,undefined,770
A2ALWT2BUSXD83_m3r5,2014-08-19,17:27:43,lossave_moral,1,3,4,21,Male,"Some College",315665,undefined,771
A2SVUP7CUY0P3L_m3r5,2014-08-19,17:27:43,lossave_moral,2,3,3,23,Male,"Bachelor's Degree",270460,undefined,772
A70AS0KVKADBY_m3r5,2014-08-19,17:27:59,lossave_moral,1,2,5,27,Femal,"Some College",238214,undefined,773
A2TVG2HLMKVMSL_m3r5,2014-08-19,17:28:02,lossave_moral,1,2,2,33,Male,"Some College",259755,undefined,774
A423QQ5WN43B9_m3r5,2014-08-19,17:28:07,lossave_moral,6,6,5,25,Male,"Bachelor's Degree",402469,undefined,775
A2EM7RPFW3DU9N_m3r5,2014-08-19,17:28:13,lossave_moral,1,6,6,60,Femal,"Some College",339874,undefined,776
A3KO0A2DR3CH4F_m3r5,2014-08-19,17:28:23,lossave_moral,7,5,5,50,Femal,"High School Graduate",483821,undefined,777
A3TG5YNIWW3WGP_m3r5,2014-08-19,17:28:23,lossave_moral,7,1,3,24,Femal,"Bachelor's Degree",212580,undefined,778
A31O5XYX80XD21_m3r5,2014-08-19,17:28:34,lossave_moral,4,3,3,25,Male,"Bachelor's Degree",435214,undefined,779
AF55TOBE2AI1U_m3r5,2014-08-19,17:28:35,lossave_moral,5,3,3,46,Femal,"High School Graduate",295455,undefined,780
A35QKJ6MGNT45D_m3r5,2014-08-19,17:28:36,lossave_moral,1,2,3,19,Male,"Some College",181578,undefined,781
A2AG0341RLZ2L8_m3r5,2014-08-19,17:28:41,lossave_moral,6,6,6,31,Femal,"Some College",265894,undefined,782
ACVN9KEBM2GHR_m3r5,2014-08-19,17:28:43,lossave_moral,4,3,3,31,Male,"Bachelor's Degree",287362,undefined,783
A162Z8CZSL0NG1_m3r5,2014-08-19,17:28:49,lossave_moral,2,3,3,23,Femal,"Bachelor's Degree",254763,undefined,784
A3CD3C99T8S6ON_m3r5,2014-08-19,17:28:54,lossave_moral,1,3,4,25,Male,"Bachelor's Degree",239239,undefined,785
AEVU71Z2FDTUX_m3r5,2014-08-19,17:29:15,lossave_moral,1,1,5,27,Male,"Some College",1517731,undefined,786
A1FHY6RNR9QHT9_m3r5,2014-08-19,17:29:22,lossave_moral,7,7,7,27,Femal,"Bachelor's Degree",256192,undefined,787
AN25IBDC0DUO7_m3r5,2014-08-19,17:29:24,lossave_moral,1,1,1,22,Femal,"Some College",412349,undefined,788
A3QSI8SVB5HJI7_m3r5,2014-08-19,17:29:44,lossave_moral,3,2,4,24,Male,"Some College",307217,undefined,789
" A1PYODCHRF96S8_m3r5",2014-08-19,17:29:55,lossave_moral,2,1,1,58,Femal,"Some College",493567,undefined,790
A23UGHBSIY45CU_m3r5,2014-08-19,17:29:55,lossave_moral,7,2,1,70,Femal,"Master's Degree",495432,undefined,791
A30EONSVHP1J0F_m3r5,2014-08-19,17:29:56,lossave_moral,2,4,4,24,Male,"Some College",251783,undefined,792
A2UVEVCYVC553J_m3r5,2014-08-19,17:29:58,lossave_moral,5,5,5,56,Femal,"Some College",358821,undefined,793
A3S7EWRS6P5UC0_m3r5,2014-08-19,17:30:03,lossave_moral,0,3,2,30,Male,"Some College",422115,undefined,794
A20IF612YY351J_m3r5,2014-08-19,17:30:08,lossave_moral,7,3,6,57,Male,"Bachelor's Degree",972700,undefined,795
A26F9VP8ELLZC4_m3r5,2014-08-19,17:30:14,lossave_moral,1,2,2,66,Femal,"Some College",368707,undefined,796
A333JVWMKDSOF8_m3r5,2014-08-19,17:30:30,lossave_moral,7,5,4,45,Femal,"Bachelor's Degree",469858,undefined,797
A3I4EEKYGS03T6_m3r5,2014-08-19,17:30:43,lossave_moral,7,4,4,22,Male,"Some College",196688,undefined,798
A1FB4RHFD0QZ3C_m3r5,2014-08-19,17:30:53,lossave_moral,7,4,4,25,Male,"Bachelor's Degree",266446,undefined,799
A1XB4TAGJDNMR_m3r5,2014-08-19,17:31:07,lossave_moral,5,2,2,19,Male,"Some College",322636,undefined,800
A2QG6V1C14866C_m3r5,2014-08-19,17:31:15,lossave_moral,7,1,1,55,Femal,"Some College",396875,undefined,801
ANMC5ZLSMTY43_m3r5,2014-08-19,17:31:32,lossave_moral,1,3,3,22,Femal,"Some College",259680,undefined,802
A1ONILGBGJ8Y5K_m3r5,2014-08-19,17:31:44,lossave_moral,0,1,1,Select,Male,"Some High School",266496,undefined,803
A2D2XQP00IZFR1_m3r5,2014-08-19,17:31:56,lossave_moral,7,5,4,60,Male,"Some College",430975,undefined,804
A26T6O5EFR54A9_m3r5,2014-08-19,17:32:28,lossave_moral,1,2,3,45,Femal,"Bachelor's Degree",306225,undefined,805
A23N4SC7GRNAIG_m3r5,2014-08-19,17:32:40,lossave_moral,1,4,3,34,Male,"Some College",534618,undefined,806
ALILKWW13RD9_m3r5,2014-08-19,17:32:46,lossave_moral,5,5,4,19,Femal,"High School Graduate",467832,undefined,807
A1W36Q5THCHYUZ_m3r5,2014-08-19,17:33:09,lossave_moral,4,2,2,47,Femal,"Bachelor's Degree",394656,undefined,808
A3JTR8H8X5WF11_m3r5,2014-08-19,17:33:23,lossave_moral,2,2,5,26,Femal,"Graduate Degree",120586,undefined,809
A14G74OGU7ADCS_m3r5,2014-08-19,17:33:37,lossave_moral,6,3,5,39,Male,"Some College",647914,undefined,810
A3OJCWC178255T_m3r5,2014-08-19,17:33:50,lossave_moral,2,3,3,26,Femal,"Some College",169590,undefined,811
ATVU7N0LN2VY3_m3r5,2014-08-19,17:34:05,lossave_moral,4,5,5,22,Male,"Bachelor's Degree",485892,undefined,812
A107R5H91EUQ9X_m3r5,2014-08-19,17:35:00,lossave_moral,0,0,0,20,Femal,"Some College",677051,undefined,813
A27BKFN6UB1LDP_m3r5,2014-08-19,17:35:10,lossave_moral,1,3,3,34,Femal,"Some College",613554,undefined,814
A19RAQ7NSO6SGB_m3r5,2014-08-19,17:35:17,lossave_moral,1,1,3,31,Femal,"Some College",538568,undefined,815
A2GS6VJEP91PA9_m3r5,2014-08-19,17:35:19,lossave_moral,1,1,1,22,Male,"Some College",455409,undefined,816
A18SXC3JEN100U_m3r5,2014-08-19,17:36:09,lossave_moral,7,4,4,55,Male,"High School Graduate",377841,undefined,817
A2EO5AGNZ0EP8H_m3r5,2014-08-19,17:37:36,lossave_moral,5,2,4,38,Femal,"Some College",585597,undefined,818
A3RXVRZ0M163C0_m3r5,2014-08-19,17:38:05,lossave_moral,3,2,5,28,Femal,"Some College",614274,undefined,819
A2NA2OJT15COZY_m3r5,2014-08-19,17:39:07,lossave_moral,1,5,6,32,Male,"High School Graduate",171723,undefined,820
A2UXOEFCUYEV8U_m3r5,2014-08-19,17:40:37,lossave_moral,4,3,3,30,Male,"Some College",537297,undefined,821
A77K8W55MJEKX_m3r5,2014-08-19,17:41:24,lossave_moral,7,2,4,42,Femal,"Master's Degree",293244,undefined,822
A1CSDIX05PK9V_m3r5,2014-08-19,17:42:18,lossave_moral,1,2,4,27,Male,"Bachelor's Degree",272867,undefined,823
A35LNMQUTP7IAF_m3r5,2014-08-19,17:43:04,lossave_moral,5,3,5,18,Male,"High School Graduate",1200287,undefined,824
A1OU9O4WETRJBL_m3r5,2014-08-19,17:45:05,lossave_moral,2,2,4,31,Male,"Bachelor's Degree",1676609,undefined,825
ALN8151AY0OUT_m3r5,2014-08-19,17:45:22,lossave_moral,7,4,3,33,Male,"Bachelor's Degree",340121,undefined,826
A2T114Z5BAQMFQ_m3r5,2014-08-19,17:45:29,lossave_moral,7,5,5,23,Male,"Some College",1859220,undefined,827
A24FRISMWCU3BX_m3r5,2014-08-19,17:50:04,lossave_moral,2,3,3,24,Male,"Some College",325291,undefined,828
A2YKYAZYVWOXBO_m3r5,2014-08-19,17:50:37,lossave_moral,7,5,5,37,Male,"High School Graduate",376889,undefined,829
A19BL9GZGXFWFT_m3r5,2014-08-19,17:52:59,lossave_moral,2,4,6,52,Male,"Bachelor's Degree",219516,undefined,830
A1GPG3WS6WMYRA_m3r5,2014-08-19,17:53:06,lossave_moral,5,4,4,35,Femal,"Master's Degree",270023,undefined,831
A1153ZIEQX0ZJ8_m3r5,2014-08-19,17:53:16,lossave_moral,4,3,5,24,Male,"Some College",608721,undefined,832
AESUJGBP5G7OJ_m3r5,2014-08-19,17:54:11,lossave_moral,1,1,3,33,Male,"Bachelor's Degree",267025,undefined,833
A2QVMCGDLTWV9_m3r5,2014-08-19,17:54:56,lossave_moral,1,1,1,27,Male,"Bachelor's Degree",252475,undefined,834
A3N0A01KQ1Z6CE_m3r5,2014-08-19,17:55:22,lossave_moral,7,7,7,40,Male,"Bachelor's Degree",503020,undefined,835
A83B7NCMVYPLW_m3r5,2014-08-19,17:55:36,lossave_moral,1,1,2,29,Male,"Bachelor's Degree",407596,undefined,836
AJMKH3WN5HAN7_m3r5,2014-08-19,17:57:17,lossave_moral,4,3,3,21,Male,"High School Graduate",390005,undefined,837
A30RP0VO7WACHI_m3r5,2014-08-19,17:58:11,lossave_moral,1,4,4,25,Male,"High School Graduate",209411,undefined,838
A2IY4Z79FRNF7N_m3r5,2014-08-19,17:58:36,lossave_moral,2,3,3,24,Male,"Bachelor's Degree",264456,undefined,839
A2W1B07YBSBFBQ_m3r5,2014-08-19,17:58:41,lossave_moral,6,4,4,29,Femal,"Graduate Degree",254791,undefined,840
A332MXF8R3BG2Z_m3r5,2014-08-19,18:02:06,lossave_moral,7,1,1,28,Femal,"Bachelor's Degree",1427972,undefined,841
A10CK23E76BWV6_m3r5,2014-08-19,18:06:05,lossave_moral,1,1,2,39,Femal,"Bachelor's Degree",273622,undefined,842
AAKL8L5X64LWD_m3r5,2014-08-19,18:07:14,lossave_moral,3,5,5,27,Male,"Some College",173567,undefined,843
a36t25vuszlifo_m3r5,2014-08-19,18:08:30,lossave_moral,7,6,6,45,Male,"Some College",286577,undefined,844
AVRED1AI0MTSU_m3r5,2014-08-19,18:11:35,lossave_moral,1,1,2,35,Femal,"Bachelor's Degree",404707,undefined,845
A1US9EJYVBJG4E_m3r5,2014-08-19,18:13:03,lossave_moral,1,3,3,24,Femal,"Bachelor's Degree",240727,undefined,846
A1TCEAVYT9RXBP_m3r5,2014-08-19,18:13:39,lossave_moral,7,2,6,56,Femal,"Some College",642901,undefined,847
AGW9M2B6SRZQ8_m3r5,2014-08-19,18:15:51,lossave_moral,7,1,1,51,Femal,"Some College",237238,undefined,848
A39VNH5NY0C54T_m3r5,2014-08-19,18:18:52,lossave_moral,5,5,3,52,Male,"Bachelor's Degree",296136,undefined,849
A27YJ0L7WMD5G4_m3r5,2014-08-19,18:19:15,lossave_moral,4,3,2,28,Male,"Bachelor's Degree",327934,undefined,850
ASXACVODSYD7G_m3r5,2014-08-19,18:20:00,lossave_moral,5,6,4,24,Male,"Bachelor's Degree",180670,undefined,851
A3DTBL9NV7SDQC_m3r5,2014-08-19,18:20:43,lossave_moral,7,7,5,65,Femal,"Some College",3276132,undefined,852
A2UF2FRGVW4T89_m3r5,2014-08-19,18:24:56,lossave_moral,7,1,1,41,Male,"Bachelor's Degree",603446,undefined,853
A3MHYBS6PHJ5QG_m3r5,2014-08-19,18:32:41,lossave_moral,4,2,3,32,Male,"Master's Degree",278670,undefined,854
"A350C6KKI33T7R _m3r5",2014-08-19,18:36:48,lossave_moral,5,2,2,31,Femal,"High School Graduate",393615,undefined,855
AAE2Y3VOJRZVQ_m3r5,2014-08-19,18:44:18,lossave_moral,5,3,3,20,Male,"High School Graduate",349894,undefined,856
A2WF8JGMNB4UEN_m3r5,2014-08-19,18:44:19,lossave_moral,2,3,3,31,Male,"Bachelor's Degree",226777,undefined,857
A3UC45GKCAZ7ZU_m3r5,2014-08-19,18:44:56,lossave_moral,7,4,4,32,Femal,"Some College",447788,undefined,858
"A2XVOYY8BDEZXF _m3r5",2014-08-19,18:48:34,lossave_moral,2,4,4,32,Male,"Bachelor's Degree",124938,undefined,859
A3JF9SCAXEUCAM_m3r5,2014-08-19,18:49:09,lossave_moral,1,2,3,45,Femal,"Bachelor's Degree",306330,undefined,860
A3M6I7O4VW9KR1_m3r5,2014-08-19,19:00:22,lossave_moral,3,4,4,31,Male,"Master's Degree",406457,undefined,861
A36CA84QRHPL2Z_m3r5,2014-08-19,19:03:38,lossave_moral,2,4,4,26,undef,"Some College",205097,undefined,862
A1VZSFHTU51JP0_m3r5,2014-08-19,19:08:19,lossave_moral,2,1,1,32,Male,"High School Graduate",366313,undefined,863
A10NAKQZQ4I9NH_m3r5,2014-08-19,19:13:32,lossave_moral,1,1,1,55,Femal,"Graduate Degree",267472,undefined,864
A14SDJ3ZSGV0FZ_m3r5,2014-08-19,19:13:48,lossave_moral,1,4,4,27,Femal,"Bachelor's Degree",241121,undefined,865
A38OV1V7A6UY46_m3r5,2014-08-19,19:15:22,lossave_moral,7,2,3,29,Femal,"Master's Degree",230419,undefined,866
A01435663OC65K250L63L_m3r5,2014-08-19,19:18:56,lossave_moral,2,5,5,25,Male,"Some College",352043,undefined,867
A123LX5DHYV18C_m3r5,2014-08-19,19:24:57,lossave_moral,1,2,2,44,Male,"Bachelor's Degree",591920,undefined,868
A1YXVEUYY3TIYS_m3r5,2014-08-19,19:29:36,lossave_moral,7,4,4,23,Femal,"Some College",199760,undefined,869
ADAMK0ZKZRRS7_m3r5,2014-08-19,19:29:47,lossave_moral,1,2,4,29,Femal,"Bachelor's Degree",257643,undefined,870
A42P52VP1GLVY_m3r5,2014-08-19,19:48:24,lossave_moral,4,4,4,36,Femal,"Bachelor's Degree",548542,undefined,871
A2BICWCPAW5N7O_m3r5,2014-08-19,19:52:18,lossave_moral,7,2,1,58,Femal,"Bachelor's Degree",1598328,undefined,872
A1NV0XFWWQSHB1_m3r5,2014-08-19,19:58:23,lossave_moral,4,1,1,27,Femal,"Some College",237768,undefined,873
A3862RIFFUV141_m3r5,2014-08-19,21:13:47,lossave_moral,1,1,3,43,Male,"Some College",236791,undefined,874
