subject,datestamp,timestamp,version,pur1,pur2,pur3,id
A10YQTSBFQPKS3_m3r5,2014-08-19,16:53:05,lossave_moral,2,6,4,305
A20RO10FV0IOX_m3r5,2014-08-19,16:53:15,lossave_moral,7,7,6,306
AO3XB5I5QNNUI_m3r5,2014-08-19,16:53:42,lossave_moral,5,5,4,307
A3N8JP3QR3VPE8_m3r5,2014-08-19,16:53:45,lossave_moral,5,6,5,308
A318QP0E1HS9DX_m3r5,2014-08-19,16:53:49,lossave_moral,5,5,1,309
A1LMGLI5F2ZT4W_m3r5,2014-08-19,16:53:57,lossave_moral,7,7,1,310
A3F23C3ABMM0W0_m3r5,2014-08-19,16:54:03,lossave_moral,3,6,1,311
A38K3QQPV8CTPC_m3r5,2014-08-19,16:54:07,lossave_moral,1,7,3,312
ARNVB51ESK8MO_m3r5,2014-08-19,16:54:07,lossave_moral,4,2,4,313
A2SNURWB6B2NXH_m3r5,2014-08-19,16:54:19,lossave_moral,5,5,1,314
A1OU0NJL1UTDJ7_m3r5,2014-08-19,16:54:37,lossave_moral,6,1,2,315
" A3Q641Z2VDJ9W1_m3r5",2014-08-19,16:54:38,lossave_moral,6,7,5,316
A1Q9NMVO8HTX8H_m3r5,2014-08-19,16:54:50,lossave_moral,5,7,7,317
A389GJDJ0ARZTO_m3r5,2014-08-19,16:54:54,lossave_moral,4,5,4,318
A14PMN35FK9SOD_m3r5,2014-08-19,16:54:55,lossave_moral,7,7,1,319
A3SV1YMFKY73IB_m3r5,2014-08-19,16:54:56,lossave_moral,7,7,1,320
A2NI99CLB8OQ1X_m3r5,2014-08-19,16:54:56,lossave_moral,5,6,4,321
AABSPWSANUQZJ_m3r5,2014-08-19,16:55:00,lossave_moral,3,4,5,322
A1Y3PGC0UILVJJ_m3r5,2014-08-19,16:55:01,lossave_moral,5,6,3,323
A2ZK1HOZ37TN2K_m3r5,2014-08-19,16:55:10,lossave_moral,1,1,1,324
A2HXSWSLIESQY7_m3r5,2014-08-19,16:55:14,lossave_moral,1,7,1,325
ADMTRXEG43HU0_m3r5,2014-08-19,16:55:16,lossave_moral,7,7,5,326
AX1I9MBLJDKGA_m3r5,2014-08-19,16:55:22,lossave_moral,6,5,1,327
A10ATSOWHLJ98L_m3r5,2014-08-19,16:55:26,lossave_moral,6,6,2,328
A1STLUJFX2REHY_m3r5,2014-08-19,16:55:32,lossave_moral,7,7,4,329
AFS9PAUCGVKHG_m3r5,2014-08-19,16:55:34,lossave_moral,1,7,1,330
AWKM2C49JSGYK_m3r5,2014-08-19,16:55:36,lossave_moral,7,7,3,331
A1M03U3W99BGZ4_m3r5,2014-08-19,16:55:52,lossave_moral,6,6,4,332
A2N4DD7IS7EI2D_m3r5,2014-08-19,16:56:19,lossave_moral,1,7,7,333
A11TVJYOUI2U25_m3r5,2014-08-19,16:56:33,lossave_moral,7,7,1,334
A150GMV1YQWWB3_m3r5,2014-08-19,16:56:42,lossave_moral,5,5,3,335
A3IJDYRFNW4QY8_m3r5,2014-08-19,16:56:43,lossave_moral,3,5,1,336
A1TM2CV6CNVWGB_m3r5,2014-08-19,16:56:45,lossave_moral,1,1,1,337
A2CWJRAEFZ44HU_m3r5,2014-08-19,16:56:56,lossave_moral,2,4,1,338
A23O7BIKKPOZ2L_m3r5,2014-08-19,16:57:12,lossave_moral,6,3,2,339
A1WCAXCHWZPTFQ_m3r5,2014-08-19,16:57:23,lossave_moral,3,2,1,340
A1DK4S6CPLH396_m3r5,2014-08-19,16:57:24,lossave_moral,1,1,1,341
ATATCYCP7QBQ9_m3r5,2014-08-19,16:57:25,lossave_moral,5,5,5,342
A3E6KX1ULZAWWO_m3r5,2014-08-19,16:57:28,lossave_moral,4,7,4,343
A17TJCEP04BEZ4_m3r5,2014-08-19,16:57:34,lossave_moral,6,6,2,344
A37LY5UTJV2KYZ_m3r5,2014-08-19,16:57:39,lossave_moral,6,1,1,345
A3USS4O0RQZ37K_m3r5,2014-08-19,16:57:43,lossave_moral,5,2,1,346
A35RGUQZRI1Q3M_m3r5,2014-08-19,16:57:46,lossave_moral,5,2,1,347
A15K0L6NGQXOM0_m3r5,2014-08-19,16:57:49,lossave_moral,7,7,7,348
A3OPSGM3T0DIZ7_m3r5,2014-08-19,16:57:53,lossave_moral,4,6,2,349
" A2NFQGUAW8A3KK_m3r5",2014-08-19,16:57:55,lossave_moral,6,7,7,350
A3GUDRDPMAPBKD_m3r5,2014-08-19,16:57:57,lossave_moral,5,3,5,351
A3K78FG696O9KL_m3r5,2014-08-19,16:57:58,lossave_moral,7,7,1,352
A2RWYKSCTPWP1A_m3r5,2014-08-19,16:58:00,lossave_moral,6,7,2,353
A3TUN250T19AUM_m3r5,2014-08-19,16:58:05,lossave_moral,7,7,4,354
AEVU71Z2FDTUX_m3r5,2014-08-19,16:58:10,lossave_moral,4,2,1,355
A22JDX98OTND6F_m3r5,2014-08-19,16:58:16,lossave_moral,4,6,2,356
AQ36OBO2GRA00_m3r5,2014-08-19,16:58:21,lossave_moral,1,2,1,357
A39IR8O68MS8OL_m3r5,2014-08-19,16:58:27,lossave_moral,7,3,1,358
A2VCNB4XETPOT2_m3r5,2014-08-19,16:58:31,lossave_moral,1,1,1,359
A4CWPB6SOQZDE_m3r5,2014-08-19,16:58:33,lossave_moral,7,6,6,360
A2NQT50GA2G1B0_m3r5,2014-08-19,16:58:35,lossave_moral,5,7,7,361
A376N72I8BEE46_m3r5,2014-08-19,16:59:02,lossave_moral,5,1,1,362
AQ2INPVVXR1G0_m3r5,2014-08-19,16:59:04,lossave_moral,7,7,1,363
ATS4LL42S463Z_m3r5,2014-08-19,16:59:17,lossave_moral,1,1,1,364
A9QJ4L8XYDGUM_m3r5,2014-08-19,16:59:18,lossave_moral,1,3,1,365
A2FY93E2VMYOVT_m3r5,2014-08-19,16:59:21,lossave_moral,2,3,1,366
A1F8MOWCCVDIH2_m3r5,2014-08-19,16:59:29,lossave_moral,2,3,2,367
A12UCN4XSJISMC_m3r5,2014-08-19,16:59:37,lossave_moral,5,3,3,368
AMS2DNBF8BGUM_m3r5,2014-08-19,16:59:38,lossave_moral,6,5,1,369
A173MXK429XAZQ_m3r5,2014-08-19,16:59:39,lossave_moral,6,4,4,370
A1BUZHBNG7S152_m3r5,2014-08-19,16:59:49,lossave_moral,7,7,7,371
AVZOC3OGBQRX2_m3r5,2014-08-19,16:59:49,lossave_moral,1,2,1,372
A13XNKKN2LI6DF_m3r5,2014-08-19,16:59:55,lossave_moral,2,2,1,373
A37EC6JJ8SSJ2J_m3r5,2014-08-19,16:59:58,lossave_moral,6,6,6,374
ACTF0A4SXCOJB_m3r5,2014-08-19,17:00:15,lossave_moral,1,1,1,375
A1W642DZKSARRI_m3r5,2014-08-19,17:00:30,lossave_moral,2,5,1,376
A1JT8X72RBC8S5_m3r5,2014-08-19,17:00:38,lossave_moral,6,6,3,377
A1IOJ2LGMGISYM_m3r5,2014-08-19,17:00:41,lossave_moral,1,1,1,378
A041360625EP76Q4XEVR4_m3r5,2014-08-19,17:00:57,lossave_moral,6,7,4,379
A3HQXCWOIQKT4F_m3r5,2014-08-19,17:01:01,lossave_moral,6,6,1,380
A1FY9O940O9KU6_m3r5,2014-08-19,17:01:05,lossave_moral,6,5,2,381
A1Y8279NEP16J7_m3r5,2014-08-19,17:01:05,lossave_moral,2,2,2,382
A2551EKB87S2XY_m3r5,2014-08-19,17:01:10,lossave_moral,4,5,2,383
"       A1922YIUI5MMUP_m3r5",2014-08-19,17:01:12,lossave_moral,7,7,7,384
ATHS9GUME1XCA_m3r5,2014-08-19,17:01:18,lossave_moral,3,7,3,385
A389GJDJ0ARZTO_m3r5,2014-08-19,17:01:28,lossave_moral,4,6,5,386
A34ZSF2JSRXIRP_m3r5,2014-08-19,17:01:46,lossave_moral,6,7,5,387
AFB9N61OMZXCX_m3r5,2014-08-19,17:01:56,lossave_moral,7,7,1,388
A10V3PXHLR4VRM_m3r5,2014-08-19,17:02:00,lossave_moral,7,7,4,389
A2AFTOA85C1FM9_m3r5,2014-08-19,17:02:00,lossave_moral,7,7,1,390
A3I7POZIF1UDTQ_m3r5,2014-08-19,17:02:02,lossave_moral,7,7,3,391
A1F0VPCA2QEVKZ_m3r5,2014-08-19,17:02:03,lossave_moral,4,7,4,392
A25G79VS6OQCHW_m3r5,2014-08-19,17:02:13,lossave_moral,7,7,7,393
A1G187YBG0DVMQ_m3r5,2014-08-19,17:02:14,lossave_moral,7,5,3,394
A2H6XG5MS1WFFR_m3r5,2014-08-19,17:02:17,lossave_moral,7,7,7,395
A3TON7406KNOVV_m3r5,2014-08-19,17:02:22,lossave_moral,4,5,1,396
A1DJDT4B5B19Q2_m3r5,2014-08-19,17:02:23,lossave_moral,6,3,3,397
A3PNHCZVCBIEJ1_m3r5,2014-08-19,17:02:48,lossave_moral,5,7,2,398
A2FMIQ8I86GWVQ_m3r5,2014-08-19,17:02:50,lossave_moral,6,7,2,399
A2OF53SX9BQ7RO_m3r5,2014-08-19,17:02:51,lossave_moral,7,7,4,400
A1AQI9O8MNVL91_m3r5,2014-08-19,17:02:54,lossave_moral,1,2,3,401
A6IFGLL1RUCZU_m3r5,2014-08-19,17:03:02,lossave_moral,4,7,1,402
A2WDTJBM4ES5S4_m3r5,2014-08-19,17:03:06,lossave_moral,6,5,3,403
ALK4VP6TPCBUV_m3r5,2014-08-19,17:03:08,lossave_moral,4,4,4,404
A35OGKV242IJ78_m3r5,2014-08-19,17:03:13,lossave_moral,5,7,4,405
A3LMBD00DY11MJ_m3r5,2014-08-19,17:03:15,lossave_moral,7,7,4,406
A13Q8W0MU2Q928_m3r5,2014-08-19,17:03:56,lossave_moral,7,7,4,407
ATDFF5B4NKQC7_m3r5,2014-08-19,17:04:01,lossave_moral,4,4,4,408
A2WH5WTM85ZF7G_m3r5,2014-08-19,17:04:01,lossave_moral,7,6,1,409
A32VJLRWGMYGSU_m3r5,2014-08-19,17:04:01,lossave_moral,4,5,3,410
A1ZKLXSO7XLNZM_m3r5,2014-08-19,17:04:02,lossave_moral,2,2,1,411
AT9AFUEEYD8DE_m3r5,2014-08-19,17:04:11,lossave_moral,7,7,4,412
A1MIEWVNQ9ZOWW_m3r5,2014-08-19,17:04:18,lossave_moral,7,7,1,413
" A1IZ4NX41GKU4X_m3r5",2014-08-19,17:04:24,lossave_moral,4,7,1,414
A3H4B9BMSFGXWG_m3r5,2014-08-19,17:04:26,lossave_moral,7,7,3,415
A1KISETSF4J3FI_m3r5,2014-08-19,17:04:54,lossave_moral,3,3,1,416
ARVXIBUCA8WDZ_m3r5,2014-08-19,17:04:56,lossave_moral,5,5,4,417
A20IF612YY351J_m3r5,2014-08-19,17:05:15,lossave_moral,3,2,2,418
AXPJ220BBN3MU_m3r5,2014-08-19,17:05:34,lossave_moral,7,7,4,419
A3CLS3ZSAIOAHC_m3r5,2014-08-19,17:05:35,lossave_moral,7,7,7,420
AU0NZI2T3R792_m3r5,2014-08-19,17:05:38,lossave_moral,6,7,6,421
A1SIJ3BJFDZ8CU_m3r5,2014-08-19,17:05:38,lossave_moral,6,7,6,422
A2XTUQ4CD1LF2K_m3r5,2014-08-19,17:05:46,lossave_moral,7,5,4,423
AISWQM71RW9A2_m3r5,2014-08-19,17:05:51,lossave_moral,5,5,3,424
A2ZE2IPHK152KA_m3r5,2014-08-19,17:05:54,lossave_moral,7,7,6,425
A2IFAPS9K2J2QC_m3r5,2014-08-19,17:06:06,lossave_moral,2,2,1,426
A1FZJ3S9CN8Z7T_m3r5,2014-08-19,17:06:14,lossave_moral,4,5,2,427
A2QQFGD7K7AHK8_m3r5,2014-08-19,17:06:46,lossave_moral,4,7,4,428
A2EP2TI8HE8EGK_m3r5,2014-08-19,17:07:14,lossave_moral,4,6,4,429
AKG7VBOY97HKA_m3r5,2014-08-19,17:07:20,lossave_moral,5,3,3,430
A3938KLA9ORH2U_m3r5,2014-08-19,17:07:25,lossave_moral,6,7,7,431
A2KPT0PEUEXCC4_m3r5,2014-08-19,17:07:28,lossave_moral,7,6,4,432
A3J55BJGV95JKH_m3r5,2014-08-19,17:07:31,lossave_moral,7,7,7,433
A3U3JYF64SJ4EJ_m3r5,2014-08-19,17:07:34,lossave_moral,4,7,4,434
A3JTR8H8X5WF11_m3r5,2014-08-19,17:07:46,lossave_moral,7,7,6,435
A2Y0ZGI29KQBTB_m3r5,2014-08-19,17:07:49,lossave_moral,1,1,1,436
A1CUIN1FSZCM50_m3r5,2014-08-19,17:07:51,lossave_moral,7,7,1,437
A1EPR9V3VID3RI_m3r5,2014-08-19,17:08:05,lossave_moral,7,7,1,438
A2GZI3UFOTY969_m3r5,2014-08-19,17:08:09,lossave_moral,7,7,1,439
AKB1IT758U2LU_m3r5,2014-08-19,17:08:09,lossave_moral,7,7,7,440
AQHYHAYS90S76_m3r5,2014-08-19,17:08:10,lossave_moral,6,6,3,441
A8ZJ0R59VBVMC_m3r5,2014-08-19,17:09:06,lossave_moral,6,7,5,442
A3R75ZHD4610J_m3r5,2014-08-19,17:09:09,lossave_moral,6,7,2,443
A21EPR8KW0GWX2_m3r5,2014-08-19,17:09:10,lossave_moral,5,2,1,444
A35UUN98XNQJJS_m3r5,2014-08-19,17:09:16,lossave_moral,2,3,0,445
A3GWGTLQNHVQ2M_m3r5,2014-08-19,17:09:17,lossave_moral,7,7,2,446
A2B5HZBQ6C3J3L_m3r5,2014-08-19,17:09:20,lossave_moral,5,7,3,447
A269Z70PE47Z5X_m3r5,2014-08-19,17:09:24,lossave_moral,7,4,1,448
A2X7J4C6MIXVDB_m3r5,2014-08-19,17:09:30,lossave_moral,3,1,4,449
A1H198MRIM37T1_m3r5,2014-08-19,17:10:02,lossave_moral,7,1,7,450
A2M2BNQ1XW3J4Y_m3r5,2014-08-19,17:10:20,lossave_moral,5,3,3,451
A1T9ZEA4PGLHYD_m3r5,2014-08-19,17:10:30,lossave_moral,6,7,5,452
A2P6VK1US8OTC5_m3r5,2014-08-19,17:10:33,lossave_moral,4,7,6,453
A4N6HMS8AW9ZB_m3r5,2014-08-19,17:10:34,lossave_moral,5,6,2,454
" A37FQI6S9XARBT_m3r5",2014-08-19,17:10:44,lossave_moral,6,7,4,455
AB1X97ASE626Q_m3r5,2014-08-19,17:10:46,lossave_moral,4,1,1,456
A1QCJ8KX7WWY1B_m3r5,2014-08-19,17:11:04,lossave_moral,7,7,7,457
A3KO0A2DR3CH4F_m3r5,2014-08-19,17:11:07,lossave_moral,7,7,7,458
A1XR97XSHB17AB_m3r5,2014-08-19,17:11:13,lossave_moral,5,5,3,459
A3DAXQCWF0YI0M_m3r5,2014-08-19,17:11:15,lossave_moral,6,6,3,460
AAS0V105QISPM_m3r5,2014-08-19,17:11:16,lossave_moral,7,6,3,461
A1H3TNUIQS76TM_m3r5,2014-08-19,17:11:19,lossave_moral,7,7,1,462
AVPKE76DJLWK6_m3r5,2014-08-19,17:11:54,lossave_moral,1,1,1,463
A2NZ7RMSBXESNI_m3r5,2014-08-19,17:12:02,lossave_moral,7,7,1,464
A1OU9O4WETRJBL_m3r5,2014-08-19,17:12:51,lossave_moral,3,2,2,465
" A1PYODCHRF96S8_m3r5",2014-08-19,17:12:52,lossave_moral,5,3,4,466
A1KOHXO0BIQB8T_m3r5,2014-08-19,17:12:56,lossave_moral,2,6,2,467
" ASUN9TWBTBRCY_m3r5",2014-08-19,17:13:01,lossave_moral,6,5,2,468
A2L73JKDFWI0KJ_m3r5,2014-08-19,17:13:02,lossave_moral,5,6,3,469
A1LO480CZXGR32_m3r5,2014-08-19,17:13:03,lossave_moral,3,2,2,470
A3AQYGTOA6MFL8_m3r5,2014-08-19,17:13:03,lossave_moral,7,7,1,471
A3MFS69UTW9KL8_m3r5,2014-08-19,17:13:22,lossave_moral,7,6,4,472
A23UGHBSIY45CU_m3r5,2014-08-19,17:13:29,lossave_moral,6,2,3,473
A3675LEANIPGBO_m3r5,2014-08-19,17:13:29,lossave_moral,1,1,1,474
ARN53ET0LBBBP_m3r5,2014-08-19,17:13:30,lossave_moral,6,7,2,475
A16GYJ4ZNAJ1FE_m3r5,2014-08-19,17:13:32,lossave_moral,7,7,4,476
A1PIJKC3FM7B60_m3r5,2014-08-19,17:13:33,lossave_moral,7,7,6,477
A2FRFMTVRHBF53_m3r5,2014-08-19,17:13:40,lossave_moral,1,4,1,478
A3RU7ANMLXJQF6_m3r5,2014-08-19,17:13:42,lossave_moral,7,4,4,479
AY1CM9ZI774II_m3r5,2014-08-19,17:14:02,lossave_moral,1,7,1,480
A3AZJGI9D7C0PD_m3r5,2014-08-19,17:14:27,lossave_moral,7,7,7,481
A2OLVF6P86QSQJ_m3r5,2014-08-19,17:14:50,lossave_moral,1,3,1,482
A6GK3W5MDWXCY_m3r5,2014-08-19,17:14:57,lossave_moral,7,7,7,483
A2MQXFHQABHJ8E_m3r5,2014-08-19,17:15:15,lossave_moral,6,7,2,484
A14WLAP6TCEKO0_m3r5,2014-08-19,17:15:22,lossave_moral,6,6,2,485
ALILKWW13RD9_m3r5,2014-08-19,17:15:24,lossave_moral,7,7,3,486
AF55TOBE2AI1U_m3r5,2014-08-19,17:15:28,lossave_moral,7,7,2,487
A2UXOEFCUYEV8U_m3r5,2014-08-19,17:15:29,lossave_moral,6,7,1,488
A17BQ2QRW1V9AO_m3r5,2014-08-19,17:15:32,lossave_moral,7,1,1,489
A1FHY6RNR9QHT9_m3r5,2014-08-19,17:15:38,lossave_moral,7,7,2,490
A1OW8OJ9OIY182_m3r5,2014-08-19,17:15:44,lossave_moral,4,3,2,491
A332MXF8R3BG2Z_m3r5,2014-08-19,17:15:50,lossave_moral,7,3,1,492
A423QQ5WN43B9_m3r5,2014-08-19,17:15:51,lossave_moral,5,5,6,493
A3TG5YNIWW3WGP_m3r5,2014-08-19,17:15:56,lossave_moral,7,7,2,494
A2SVUP7CUY0P3L_m3r5,2014-08-19,17:16:19,lossave_moral,4,4,4,495
A14G74OGU7ADCS_m3r5,2014-08-19,17:16:31,lossave_moral,7,7,1,496
AVIOR20K5ZXQD_m3r5,2014-08-19,17:16:37,lossave_moral,5,7,2,497
A5ZWYI3H052FT_m3r5,2014-08-19,17:16:43,lossave_moral,7,7,5,498
A3QLTVQPG1N27R_m3r5,2014-08-19,17:16:44,lossave_moral,7,7,7,499
A1QMSDPJMMIO0T_m3r5,2014-08-19,17:16:52,lossave_moral,7,7,7,500
A1GDDULNGBI1P9_m3r5,2014-08-19,17:16:57,lossave_moral,7,7,7,501
A333JVWMKDSOF8_m3r5,2014-08-19,17:16:57,lossave_moral,7,7,7,502
A1K6T4BCZASC50_m3r5,2014-08-19,17:17:06,lossave_moral,4,7,6,503
A26F9VP8ELLZC4_m3r5,2014-08-19,17:17:08,lossave_moral,6,4,1,504
A32MGSAQ6QL9CK_m3r5,2014-08-19,17:17:21,lossave_moral,3,5,1,505
A315IS7QIVORIT_m3r5,2014-08-19,17:17:32,lossave_moral,1,1,4,506
A18DKL63PB77JH_m3r5,2014-08-19,17:17:33,lossave_moral,7,7,1,507
A31O5XYX80XD21_m3r5,2014-08-19,17:17:37,lossave_moral,6,7,6,508
ACVN9KEBM2GHR_m3r5,2014-08-19,17:17:38,lossave_moral,7,7,6,509
A35QKJ6MGNT45D_m3r5,2014-08-19,17:17:43,lossave_moral,2,4,2,510
A2TVG2HLMKVMSL_m3r5,2014-08-19,17:17:47,lossave_moral,7,6,5,511
A2QG6V1C14866C_m3r5,2014-08-19,17:17:54,lossave_moral,7,7,7,512
A3S7EWRS6P5UC0_m3r5,2014-08-19,17:17:58,lossave_moral,5,5,1,513
A3CD3C99T8S6ON_m3r5,2014-08-19,17:17:59,lossave_moral,5,2,5,514
A22KRF782ELLB0_m3r5,2014-08-19,17:18:03,lossave_moral,1,1,1,515
A2ALWT2BUSXD83_m3r5,2014-08-19,17:18:05,lossave_moral,4,6,4,516
AN25IBDC0DUO7_m3r5,2014-08-19,17:18:09,lossave_moral,3,2,1,517
A2UVEVCYVC553J_m3r5,2014-08-19,17:18:11,lossave_moral,6,2,3,518
A2AG0341RLZ2L8_m3r5,2014-08-19,17:18:12,lossave_moral,7,7,7,519
A35BNQU01DFD0D_m3r5,2014-08-19,17:18:25,lossave_moral,4,5,2,520
A3DTBL9NV7SDQC_m3r5,2014-08-19,17:18:27,lossave_moral,7,7,7,521
A162Z8CZSL0NG1_m3r5,2014-08-19,17:18:33,lossave_moral,2,6,2,522
A30EONSVHP1J0F_m3r5,2014-08-19,17:18:48,lossave_moral,7,6,4,523
A2EM7RPFW3DU9N_m3r5,2014-08-19,17:18:48,lossave_moral,5,7,2,524
A33AZCOKCCTUXV_m3r5,2014-08-19,17:18:57,lossave_moral,4,5,4,525
A1FB4RHFD0QZ3C_m3r5,2014-08-19,17:19:09,lossave_moral,7,7,5,526
A1ONILGBGJ8Y5K_m3r5,2014-08-19,17:19:11,lossave_moral,5,7,2,527
A2NA2OJT15COZY_m3r5,2014-08-19,17:19:13,lossave_moral,4,3,1,528
A3QSI8SVB5HJI7_m3r5,2014-08-19,17:19:21,lossave_moral,6,4,1,529
A1W36Q5THCHYUZ_m3r5,2014-08-19,17:19:23,lossave_moral,5,7,1,530
A26T6O5EFR54A9_m3r5,2014-08-19,17:19:39,lossave_moral,4,1,4,531
A70AS0KVKADBY_m3r5,2014-08-19,17:19:59,lossave_moral,7,7,5,532
A2D2XQP00IZFR1_m3r5,2014-08-19,17:20:02,lossave_moral,7,7,7,533
A23N4SC7GRNAIG_m3r5,2014-08-19,17:20:08,lossave_moral,6,7,4,534
A19RAQ7NSO6SGB_m3r5,2014-08-19,17:20:14,lossave_moral,1,1,1,535
A3RXVRZ0M163C0_m3r5,2014-08-19,17:20:38,lossave_moral,3,3,4,536
A2EO5AGNZ0EP8H_m3r5,2014-08-19,17:20:50,lossave_moral,7,7,5,537
A27BKFN6UB1LDP_m3r5,2014-08-19,17:20:52,lossave_moral,4,4,3,538
ANMC5ZLSMTY43_m3r5,2014-08-19,17:21:03,lossave_moral,4,6,1,539
A18SXC3JEN100U_m3r5,2014-08-19,17:21:24,lossave_moral,5,5,5,540
A1XB4TAGJDNMR_m3r5,2014-08-19,17:21:43,lossave_moral,6,4,3,541
AQL2N2W222GBS_m3r5,2014-08-19,17:21:51,lossave_moral,1,1,1,542
A3I4EEKYGS03T6_m3r5,2014-08-19,17:22:06,lossave_moral,3,7,1,543
ATVU7N0LN2VY3_m3r5,2014-08-19,17:23:49,lossave_moral,5,5,4,544
A107R5H91EUQ9X_m3r5,2014-08-19,17:23:51,lossave_moral,4,7,3,545
A3OJCWC178255T_m3r5,2014-08-19,17:24:32,lossave_moral,5,4,2,546
A3JTR8H8X5WF11_m3r5,2014-08-19,17:24:44,lossave_moral,7,7,4,547
A2GS6VJEP91PA9_m3r5,2014-08-19,17:26:01,lossave_moral,4,1,1,548
A2T114Z5BAQMFQ_m3r5,2014-08-19,17:27:29,lossave_moral,7,1,1,549
A77K8W55MJEKX_m3r5,2014-08-19,17:29:30,lossave_moral,7,7,5,550
A2NA2OJT15COZY_m3r5,2014-08-19,17:29:53,lossave_moral,5,3,1,551
A35LNMQUTP7IAF_m3r5,2014-08-19,17:32:02,lossave_moral,6,6,2,552
ALN8151AY0OUT_m3r5,2014-08-19,17:32:43,lossave_moral,5,7,3,553
A1CSDIX05PK9V_m3r5,2014-08-19,17:34:25,lossave_moral,1,1,1,554
A24FRISMWCU3BX_m3r5,2014-08-19,17:36:35,lossave_moral,7,7,4,555
A2YKYAZYVWOXBO_m3r5,2014-08-19,17:38:36,lossave_moral,5,7,6,556
A1OY40VC86UZZ5_m3r5,2014-08-19,17:40:56,lossave_moral,5,7,6,557
A1153ZIEQX0ZJ8_m3r5,2014-08-19,17:42:39,lossave_moral,7,7,1,558
A1GPG3WS6WMYRA_m3r5,2014-08-19,17:43:21,lossave_moral,7,7,2,559
A19BL9GZGXFWFT_m3r5,2014-08-19,17:43:51,lossave_moral,5,7,2,560
A3N0A01KQ1Z6CE_m3r5,2014-08-19,17:44:03,lossave_moral,5,7,1,561
AESUJGBP5G7OJ_m3r5,2014-08-19,17:44:35,lossave_moral,1,1,1,562
A83B7NCMVYPLW_m3r5,2014-08-19,17:44:57,lossave_moral,2,3,5,563
A2QVMCGDLTWV9_m3r5,2014-08-19,17:46:04,lossave_moral,1,1,1,564
AJMKH3WN5HAN7_m3r5,2014-08-19,17:46:55,lossave_moral,7,7,1,565
A2W1B07YBSBFBQ_m3r5,2014-08-19,17:49:02,lossave_moral,6,6,3,566
A2IY4Z79FRNF7N_m3r5,2014-08-19,17:49:15,lossave_moral,5,5,2,567
A30RP0VO7WACHI_m3r5,2014-08-19,17:50:22,lossave_moral,2,1,1,568
A10CK23E76BWV6_m3r5,2014-08-19,17:51:01,lossave_moral,5,7,2,569
a36t25vuszlifo_m3r5,2014-08-19,17:55:04,lossave_moral,7,7,5,570
A39VNH5NY0C54T_m3r5,2014-08-19,17:57:25,lossave_moral,6,7,6,571
AVRED1AI0MTSU_m3r5,2014-08-19,17:57:49,lossave_moral,7,1,1,572
A1TCEAVYT9RXBP_m3r5,2014-08-19,17:58:34,lossave_moral,5,5,5,573
AAKL8L5X64LWD_m3r5,2014-08-19,17:59:30,lossave_moral,5,3,4,574
AGW9M2B6SRZQ8_m3r5,2014-08-19,18:02:39,lossave_moral,7,7,7,575
A1US9EJYVBJG4E_m3r5,2014-08-19,18:03:14,lossave_moral,6,6,4,576
A27YJ0L7WMD5G4_m3r5,2014-08-19,18:08:59,lossave_moral,7,7,7,577
ASXACVODSYD7G_m3r5,2014-08-19,18:09:39,lossave_moral,5,2,3,578
A2UF2FRGVW4T89_m3r5,2014-08-19,18:11:50,lossave_moral,7,7,1,579
A3MHYBS6PHJ5QG_m3r5,2014-08-19,18:22:22,lossave_moral,4,6,2,580
"A350C6KKI33T7R _m3r5",2014-08-19,18:23:06,lossave_moral,7,7,7,581
A2EHH2ZFIRF1BF_m3r5,2014-08-19,18:23:42,lossave_moral,7,1,7,582
A3UC45GKCAZ7ZU_m3r5,2014-08-19,18:32:10,lossave_moral,7,6,4,583
AAE2Y3VOJRZVQ_m3r5,2014-08-19,18:34:21,lossave_moral,4,5,3,584
A2WF8JGMNB4UEN_m3r5,2014-08-19,18:34:35,lossave_moral,3,5,2,585
A3JF9SCAXEUCAM_m3r5,2014-08-19,18:36:38,lossave_moral,7,7,2,586
"A2XVOYY8BDEZXF _m3r5",2014-08-19,18:40:35,lossave_moral,1,7,7,587
A3M6I7O4VW9KR1_m3r5,2014-08-19,18:42:46,lossave_moral,7,7,1,588
A36CA84QRHPL2Z_m3r5,2014-08-19,18:55:46,lossave_moral,4,5,1,589
A1VZSFHTU51JP0_m3r5,2014-08-19,18:56:46,lossave_moral,4,7,1,590
A1HO3Z29A3N7K5_m3r5,2014-08-19,19:01:39,lossave_moral,4,4,3,591
A10NAKQZQ4I9NH_m3r5,2014-08-19,19:03:10,lossave_moral,1,1,1,592
A38OV1V7A6UY46_m3r5,2014-08-19,19:03:22,lossave_moral,7,7,6,593
A01435663OC65K250L63L_m3r5,2014-08-19,19:04:31,lossave_moral,7,7,7,594
A14SDJ3ZSGV0FZ_m3r5,2014-08-19,19:04:31,lossave_moral,7,7,6,595
A123LX5DHYV18C_m3r5,2014-08-19,19:12:10,lossave_moral,4,3,1,596
ADAMK0ZKZRRS7_m3r5,2014-08-19,19:19:35,lossave_moral,6,7,4,597
A1YXVEUYY3TIYS_m3r5,2014-08-19,19:20:03,lossave_moral,7,6,5,598
A42P52VP1GLVY_m3r5,2014-08-19,19:21:00,lossave_moral,7,7,6,599
A2BICWCPAW5N7O_m3r5,2014-08-19,19:38:49,lossave_moral,6,7,3,600
A1NV0XFWWQSHB1_m3r5,2014-08-19,19:47:20,lossave_moral,7,3,1,601
A3862RIFFUV141_m3r5,2014-08-19,21:03:33,lossave_moral,1,5,3,602
